longitude,latitude,Aridity_zone,tree_cover,plot_id,min(B1_m)_0,max(B1_m)_0,avg(B1_m)_0,stdev(B1_m)_0,median(B1_m)_0,lower_quartile(B1_m)_0,upper_quartile(B1_m)_0,min(B2_m)_0,max(B2_m)_0,avg(B2_m)_0,stdev(B2_m)_0,median(B2_m)_0,lower_quartile(B2_m)_0,upper_quartile(B2_m)_0,min(B3_m)_0,max(B3_m)_0,avg(B3_m)_0,stdev(B3_m)_0,median(B3_m)_0,lower_quartile(B3_m)_0,upper_quartile(B3_m)_0,min(B4_m)_0,max(B4_m)_0,avg(B4_m)_0,stdev(B4_m)_0,median(B4_m)_0,lower_quartile(B4_m)_0,upper_quartile(B4_m)_0,min(B5_m)_0,max(B5_m)_0,avg(B5_m)_0,stdev(B5_m)_0,median(B5_m)_0,lower_quartile(B5_m)_0,upper_quartile(B5_m)_0,min(B6_m)_0,max(B6_m)_0,avg(B6_m)_0,stdev(B6_m)_0,median(B6_m)_0,lower_quartile(B6_m)_0,upper_quartile(B6_m)_0,min(B7_m)_0,max(B7_m)_0,avg(B7_m)_0,stdev(B7_m)_0,median(B7_m)_0,lower_quartile(B7_m)_0,upper_quartile(B7_m)_0,min(B8_m)_0,max(B8_m)_0,avg(B8_m)_0,stdev(B8_m)_0,median(B8_m)_0,lower_quartile(B8_m)_0,upper_quartile(B8_m)_0,min(B8A_m)_0,max(B8A_m)_0,avg(B8A_m)_0,stdev(B8A_m)_0,median(B8A_m)_0,lower_quartile(B8A_m)_0,upper_quartile(B8A_m)_0,min(B9_m)_0,max(B9_m)_0,avg(B9_m)_0,stdev(B9_m)_0,median(B9_m)_0,lower_quartile(B9_m)_0,upper_quartile(B9_m)_0,min(B11_m)_0,max(B11_m)_0,avg(B11_m)_0,stdev(B11_m)_0,median(B11_m)_0,lower_quartile(B11_m)_0,upper_quartile(B11_m)_0,min(B12_m)_0,max(B12_m)_0,avg(B12_m)_0,stdev(B12_m)_0,median(B12_m)_0,lower_quartile(B12_m)_0,upper_quartile(B12_m)_0,min(NDVI_m)_0,max(NDVI_m)_0,avg(NDVI_m)_0,stdev(NDVI_m)_0,median(NDVI_m)_0,lower_quartile(NDVI_m)_0,upper_quartile(NDVI_m)_0,min(B1_m)_1,max(B1_m)_1,avg(B1_m)_1,stdev(B1_m)_1,median(B1_m)_1,lower_quartile(B1_m)_1,upper_quartile(B1_m)_1,min(B2_m)_1,max(B2_m)_1,avg(B2_m)_1,stdev(B2_m)_1,median(B2_m)_1,lower_quartile(B2_m)_1,upper_quartile(B2_m)_1,min(B3_m)_1,max(B3_m)_1,avg(B3_m)_1,stdev(B3_m)_1,median(B3_m)_1,lower_quartile(B3_m)_1,upper_quartile(B3_m)_1,min(B4_m)_1,max(B4_m)_1,avg(B4_m)_1,stdev(B4_m)_1,median(B4_m)_1,lower_quartile(B4_m)_1,upper_quartile(B4_m)_1,min(B5_m)_1,max(B5_m)_1,avg(B5_m)_1,stdev(B5_m)_1,median(B5_m)_1,lower_quartile(B5_m)_1,upper_quartile(B5_m)_1,min(B6_m)_1,max(B6_m)_1,avg(B6_m)_1,stdev(B6_m)_1,median(B6_m)_1,lower_quartile(B6_m)_1,upper_quartile(B6_m)_1,min(B7_m)_1,max(B7_m)_1,avg(B7_m)_1,stdev(B7_m)_1,median(B7_m)_1,lower_quartile(B7_m)_1,upper_quartile(B7_m)_1,min(B8_m)_1,max(B8_m)_1,avg(B8_m)_1,stdev(B8_m)_1,median(B8_m)_1,lower_quartile(B8_m)_1,upper_quartile(B8_m)_1,min(B8A_m)_1,max(B8A_m)_1,avg(B8A_m)_1,stdev(B8A_m)_1,median(B8A_m)_1,lower_quartile(B8A_m)_1,upper_quartile(B8A_m)_1,min(B9_m)_1,max(B9_m)_1,avg(B9_m)_1,stdev(B9_m)_1,median(B9_m)_1,lower_quartile(B9_m)_1,upper_quartile(B9_m)_1,min(B11_m)_1,max(B11_m)_1,avg(B11_m)_1,stdev(B11_m)_1,median(B11_m)_1,lower_quartile(B11_m)_1,upper_quartile(B11_m)_1,min(B12_m)_1,max(B12_m)_1,avg(B12_m)_1,stdev(B12_m)_1,median(B12_m)_1,lower_quartile(B12_m)_1,upper_quartile(B12_m)_1,min(NDVI_m)_1,max(NDVI_m)_1,avg(NDVI_m)_1,stdev(NDVI_m)_1,median(NDVI_m)_1,lower_quartile(NDVI_m)_1,upper_quartile(NDVI_m)_1,min(B1_m)_2,max(B1_m)_2,avg(B1_m)_2,stdev(B1_m)_2,median(B1_m)_2,lower_quartile(B1_m)_2,upper_quartile(B1_m)_2,min(B2_m)_2,max(B2_m)_2,avg(B2_m)_2,stdev(B2_m)_2,median(B2_m)_2,lower_quartile(B2_m)_2,upper_quartile(B2_m)_2,min(B3_m)_2,max(B3_m)_2,avg(B3_m)_2,stdev(B3_m)_2,median(B3_m)_2,lower_quartile(B3_m)_2,upper_quartile(B3_m)_2,min(B4_m)_2,max(B4_m)_2,avg(B4_m)_2,stdev(B4_m)_2,median(B4_m)_2,lower_quartile(B4_m)_2,upper_quartile(B4_m)_2,min(B5_m)_2,max(B5_m)_2,avg(B5_m)_2,stdev(B5_m)_2,median(B5_m)_2,lower_quartile(B5_m)_2,upper_quartile(B5_m)_2,min(B6_m)_2,max(B6_m)_2,avg(B6_m)_2,stdev(B6_m)_2,median(B6_m)_2,lower_quartile(B6_m)_2,upper_quartile(B6_m)_2,min(B7_m)_2,max(B7_m)_2,avg(B7_m)_2,stdev(B7_m)_2,median(B7_m)_2,lower_quartile(B7_m)_2,upper_quartile(B7_m)_2,min(B8_m)_2,max(B8_m)_2,avg(B8_m)_2,stdev(B8_m)_2,median(B8_m)_2,lower_quartile(B8_m)_2,upper_quartile(B8_m)_2,min(B8A_m)_2,max(B8A_m)_2,avg(B8A_m)_2,stdev(B8A_m)_2,median(B8A_m)_2,lower_quartile(B8A_m)_2,upper_quartile(B8A_m)_2,min(B9_m)_2,max(B9_m)_2,avg(B9_m)_2,stdev(B9_m)_2,median(B9_m)_2,lower_quartile(B9_m)_2,upper_quartile(B9_m)_2,min(B11_m)_2,max(B11_m)_2,avg(B11_m)_2,stdev(B11_m)_2,median(B11_m)_2,lower_quartile(B11_m)_2,upper_quartile(B11_m)_2,min(B12_m)_2,max(B12_m)_2,avg(B12_m)_2,stdev(B12_m)_2,median(B12_m)_2,lower_quartile(B12_m)_2,upper_quartile(B12_m)_2,min(NDVI_m)_2,max(NDVI_m)_2,avg(NDVI_m)_2,stdev(NDVI_m)_2,median(NDVI_m)_2,lower_quartile(NDVI_m)_2,upper_quartile(NDVI_m)_2
25.10791219,-33.58360755,Dry subhumid,0.0,0,432.0,528.0,480.51786,36.56438,500.0,436.0,510.5,538.0,892.0,689.1875,92.36787,686.5,610.0,752.0,767.0,1304.0,992.17857,136.68861,976.0,882.0,1102.0,977.0,1604.0,1206.0625,166.77574,1201.0,1060.0,1299.5,1323.0,1957.0,1611.54464,183.66012,1617.0,1401.5,1676.0,1930.0,2614.0,2257.90179,224.28925,2267.0,1978.0,2387.0,2092.0,2783.0,2444.77679,234.75645,2452.5,2160.5,2606.0,2090.0,2972.0,2555.42857,270.67578,2635.0,2274.0,2771.5,2228.0,3000.0,2620.20536,270.0318,2628.5,2280.25,2836.5,2282.0,2626.5,2475.0625,151.37227,2501.0,2284.0,2622.0,2425.0,3358.0,2923.875,321.91676,2948.0,2577.0,3217.0,1722.5,2492.0,2102.91964,255.4307,2129.0,1822.0,2325.5,0.1713,0.27047,0.22674,0.02256,0.22577,0.20735,0.24333,432.0,528.0,480.51786,36.56438,500.0,436.0,510.5,538.0,892.0,689.1875,92.36787,686.5,610.0,752.0,767.0,1304.0,992.17857,136.68861,976.0,882.0,1102.0,977.0,1604.0,1206.0625,166.77574,1201.0,1060.0,1299.5,1323.0,1957.0,1611.54464,183.66012,1617.0,1401.5,1676.0,1930.0,2614.0,2257.90179,224.28925,2267.0,1978.0,2387.0,2092.0,2783.0,2444.77679,234.75645,2452.5,2160.5,2606.0,2090.0,2972.0,2555.42857,270.67578,2635.0,2274.0,2771.5,2228.0,3000.0,2620.20536,270.0318,2628.5,2280.25,2836.5,2282.0,2626.5,2475.0625,151.37227,2501.0,2284.0,2622.0,2425.0,3358.0,2923.875,321.91676,2948.0,2577.0,3217.0,1722.5,2492.0,2102.91964,255.4307,2129.0,1822.0,2325.5,0.1713,0.27047,0.22674,0.02256,0.22577,0.20735,0.24333,432.0,528.0,480.51786,36.56438,500.0,436.0,510.5,538.0,892.0,689.1875,92.36787,686.5,610.0,752.0,767.0,1304.0,992.17857,136.68861,976.0,882.0,1102.0,977.0,1604.0,1206.0625,166.77574,1201.0,1060.0,1299.5,1323.0,1957.0,1611.54464,183.66012,1617.0,1401.5,1676.0,1930.0,2614.0,2257.90179,224.28925,2267.0,1978.0,2387.0,2092.0,2783.0,2444.77679,234.75645,2452.5,2160.5,2606.0,2090.0,2972.0,2555.42857,270.67578,2635.0,2274.0,2771.5,2228.0,3000.0,2620.20536,270.0318,2628.5,2280.25,2836.5,2282.0,2626.5,2475.0625,151.37227,2501.0,2284.0,2622.0,2425.0,3358.0,2923.875,321.91676,2948.0,2577.0,3217.0,1722.5,2492.0,2102.91964,255.4307,2129.0,1822.0,2325.5,0.1713,0.27047,0.22674,0.02256,0.22577,0.20735,0.24333
72.59285811,24.33576033,Semiarid,0.25,1,686.5,714.5,696.85714,11.57808,690.25,686.5,705.0,792.5,967.5,886.59821,35.93029,889.5,863.5,907.0,1119.0,1363.0,1245.91071,50.23555,1244.5,1218.5,1272.5,1465.0,1930.0,1717.10714,106.84218,1739.5,1662.0,1799.0,1917.0,2168.0,2038.66071,73.55741,2049.25,1979.0,2088.5,2111.5,2391.5,2250.94643,75.46984,2259.0,2183.0,2296.0,2277.0,2575.5,2421.07143,85.22843,2406.5,2357.5,2477.5,2249.0,2871.5,2581.13393,133.64677,2579.5,2506.0,2680.0,2498.5,2813.0,2665.55357,86.74166,2657.5,2594.25,2732.0,2666.0,2724.5,2692.33929,13.87349,2689.0,2689.0,2698.5,2962.0,3322.0,3171.03571,105.42123,3212.0,3089.5,3237.5,2299.0,2652.5,2474.96429,109.49362,2514.5,2354.25,2554.5,0.07082,0.15963,0.11704,0.01754,0.11818,0.10516,0.1294,686.5,714.5,696.85714,11.57808,690.25,686.5,705.0,792.5,967.5,886.59821,35.93029,889.5,863.5,907.0,1119.0,1363.0,1245.91071,50.23555,1244.5,1218.5,1272.5,1465.0,1930.0,1717.10714,106.84218,1739.5,1662.0,1799.0,1917.0,2168.0,2038.66071,73.55741,2049.25,1979.0,2088.5,2111.5,2391.5,2250.94643,75.46984,2259.0,2183.0,2296.0,2277.0,2575.5,2421.07143,85.22843,2406.5,2357.5,2477.5,2249.0,2871.5,2581.13393,133.64677,2579.5,2506.0,2680.0,2498.5,2813.0,2665.55357,86.74166,2657.5,2594.25,2732.0,2666.0,2724.5,2692.33929,13.87349,2689.0,2689.0,2698.5,2962.0,3322.0,3171.03571,105.42123,3212.0,3089.5,3237.5,2299.0,2652.5,2474.96429,109.49362,2514.5,2354.25,2554.5,0.07082,0.15963,0.11704,0.01754,0.11818,0.10516,0.1294,686.5,714.5,696.85714,11.57808,690.25,686.5,705.0,792.5,967.5,886.59821,35.93029,889.5,863.5,907.0,1119.0,1363.0,1245.91071,50.23555,1244.5,1218.5,1272.5,1465.0,1930.0,1717.10714,106.84218,1739.5,1662.0,1799.0,1917.0,2168.0,2038.66071,73.55741,2049.25,1979.0,2088.5,2111.5,2391.5,2250.94643,75.46984,2259.0,2183.0,2296.0,2277.0,2575.5,2421.07143,85.22843,2406.5,2357.5,2477.5,2249.0,2871.5,2581.13393,133.64677,2579.5,2506.0,2680.0,2498.5,2813.0,2665.55357,86.74166,2657.5,2594.25,2732.0,2666.0,2724.5,2692.33929,13.87349,2689.0,2689.0,2698.5,2962.0,3322.0,3171.03571,105.42123,3212.0,3089.5,3237.5,2299.0,2652.5,2474.96429,109.49362,2514.5,2354.25,2554.5,0.07082,0.15963,0.11704,0.01754,0.11818,0.10516,0.1294
28.48557766,-21.76815645,Semiarid,0.15,2,382.0,396.0,390.5,4.1909,391.0,391.0,391.0,448.0,638.0,529.625,40.85298,534.0,499.5,553.0,713.0,997.0,825.05357,61.84509,822.5,778.5,865.5,1100.0,1636.0,1331.14286,111.80298,1310.0,1256.0,1413.0,1575.0,1809.0,1705.0,63.71214,1690.0,1662.0,1758.0,1864.0,2110.0,2000.42857,65.33629,1988.0,1959.0,2056.0,2050.0,2320.0,2205.80357,67.74831,2190.0,2179.0,2266.0,2188.0,2544.0,2374.35714,88.96423,2383.0,2297.0,2443.0,2368.0,2636.0,2511.64286,74.5099,2491.0,2470.0,2577.0,2435.0,2541.0,2501.28571,36.13999,2512.0,2512.0,2513.0,2909.0,3187.0,3017.375,85.41419,2990.0,2944.0,3108.0,2077.0,2414.0,2253.42857,81.719,2233.0,2208.0,2297.0,0.1358,0.19409,0.16405,0.01453,0.16633,0.15297,0.17561,382.0,396.0,390.5,4.1909,391.0,391.0,391.0,448.0,638.0,529.625,40.85298,534.0,499.5,553.0,713.0,997.0,825.05357,61.84509,822.5,778.5,865.5,1100.0,1636.0,1331.14286,111.80298,1310.0,1256.0,1413.0,1575.0,1809.0,1705.0,63.71214,1690.0,1662.0,1758.0,1864.0,2110.0,2000.42857,65.33629,1988.0,1959.0,2056.0,2050.0,2320.0,2205.80357,67.74831,2190.0,2179.0,2266.0,2188.0,2544.0,2374.35714,88.96423,2383.0,2297.0,2443.0,2368.0,2636.0,2511.64286,74.5099,2491.0,2470.0,2577.0,2435.0,2541.0,2501.28571,36.13999,2512.0,2512.0,2513.0,2909.0,3187.0,3017.375,85.41419,2990.0,2944.0,3108.0,2077.0,2414.0,2253.42857,81.719,2233.0,2208.0,2297.0,0.1358,0.19409,0.16405,0.01453,0.16633,0.15297,0.17561,382.0,396.0,390.5,4.1909,391.0,391.0,391.0,448.0,638.0,529.625,40.85298,534.0,499.5,553.0,713.0,997.0,825.05357,61.84509,822.5,778.5,865.5,1100.0,1636.0,1331.14286,111.80298,1310.0,1256.0,1413.0,1575.0,1809.0,1705.0,63.71214,1690.0,1662.0,1758.0,1864.0,2110.0,2000.42857,65.33629,1988.0,1959.0,2056.0,2050.0,2320.0,2205.80357,67.74831,2190.0,2179.0,2266.0,2188.0,2544.0,2374.35714,88.96423,2383.0,2297.0,2443.0,2368.0,2636.0,2511.64286,74.5099,2491.0,2470.0,2577.0,2435.0,2541.0,2501.28571,36.13999,2512.0,2512.0,2513.0,2909.0,3187.0,3017.375,85.41419,2990.0,2944.0,3108.0,2077.0,2414.0,2253.42857,81.719,2233.0,2208.0,2297.0,0.1358,0.19409,0.16405,0.01453,0.16633,0.15297,0.17561
24.173664300000002,-18.36578731,Dry subhumid,0.0,3,475.5,521.0,498.29464,15.63817,498.5,483.5,514.0,464.5,780.0,650.16071,74.65473,661.5,597.5,703.75,745.5,1098.0,943.33929,85.24692,955.0,880.0,1000.0,842.5,1338.0,1126.16071,108.99467,1118.5,1053.5,1227.0,1451.0,1685.0,1597.16964,54.40657,1597.5,1567.5,1630.25,2011.0,2481.5,2187.63393,90.31895,2174.75,2139.0,2206.25,2253.5,2738.0,2439.8125,93.40895,2431.5,2384.0,2469.5,2366.0,2983.0,2646.96429,108.16653,2631.5,2591.5,2703.5,2629.5,3153.5,2826.09821,102.77908,2813.25,2766.5,2881.0,2742.5,2999.5,2837.3125,74.18206,2841.0,2753.0,2860.0,3095.0,3349.0,3270.41071,59.05761,3270.25,3245.0,3318.0,2142.5,2447.0,2325.46429,74.85148,2336.0,2269.0,2387.5,0.2152,0.28346,0.24719,0.01447,0.24825,0.23601,0.25798,475.5,521.0,498.29464,15.63817,498.5,483.5,514.0,464.5,780.0,650.16071,74.65473,661.5,597.5,703.75,745.5,1098.0,943.33929,85.24692,955.0,880.0,1000.0,842.5,1338.0,1126.16071,108.99467,1118.5,1053.5,1227.0,1451.0,1685.0,1597.16964,54.40657,1597.5,1567.5,1630.25,2011.0,2481.5,2187.63393,90.31895,2174.75,2139.0,2206.25,2253.5,2738.0,2439.8125,93.40895,2431.5,2384.0,2469.5,2366.0,2983.0,2646.96429,108.16653,2631.5,2591.5,2703.5,2629.5,3153.5,2826.09821,102.77908,2813.25,2766.5,2881.0,2742.5,2999.5,2837.3125,74.18206,2841.0,2753.0,2860.0,3095.0,3349.0,3270.41071,59.05761,3270.25,3245.0,3318.0,2142.5,2447.0,2325.46429,74.85148,2336.0,2269.0,2387.5,0.2152,0.28346,0.24719,0.01447,0.24825,0.23601,0.25798,475.5,521.0,498.29464,15.63817,498.5,483.5,514.0,464.5,780.0,650.16071,74.65473,661.5,597.5,703.75,745.5,1098.0,943.33929,85.24692,955.0,880.0,1000.0,842.5,1338.0,1126.16071,108.99467,1118.5,1053.5,1227.0,1451.0,1685.0,1597.16964,54.40657,1597.5,1567.5,1630.25,2011.0,2481.5,2187.63393,90.31895,2174.75,2139.0,2206.25,2253.5,2738.0,2439.8125,93.40895,2431.5,2384.0,2469.5,2366.0,2983.0,2646.96429,108.16653,2631.5,2591.5,2703.5,2629.5,3153.5,2826.09821,102.77908,2813.25,2766.5,2881.0,2742.5,2999.5,2837.3125,74.18206,2841.0,2753.0,2860.0,3095.0,3349.0,3270.41071,59.05761,3270.25,3245.0,3318.0,2142.5,2447.0,2325.46429,74.85148,2336.0,2269.0,2387.5,0.2152,0.28346,0.24719,0.01447,0.24825,0.23601,0.25798
9.585024082,11.244139,Dry subhumid,0.0,4,1108.0,1128.0,1117.07143,4.16198,1117.0,1117.0,1117.0,1354.0,1499.0,1435.32143,32.22427,1434.5,1411.0,1462.5,1842.0,2021.0,1926.76786,40.98292,1930.0,1906.0,1955.5,2432.0,2649.0,2538.6875,54.26078,2535.5,2495.0,2583.5,2798.5,3052.0,2888.05357,56.92872,2892.75,2845.75,2913.5,2991.0,3237.5,3093.5,58.94034,3093.5,3050.5,3139.5,3253.0,3554.0,3345.0,75.23007,3325.0,3280.25,3412.5,3348.0,3681.0,3509.94643,80.88166,3491.5,3456.75,3577.0,3626.5,3956.5,3721.89286,68.82882,3715.5,3671.0,3765.0,3696.0,3818.5,3792.17857,42.87873,3818.5,3757.0,3818.5,4750.5,5107.0,4958.25,96.30543,4973.0,4918.0,5023.25,3799.0,4187.5,4044.32143,109.4051,4073.75,4027.25,4103.75,0.0676,0.12676,0.09715,0.01205,0.09621,0.08785,0.10386,1108.0,1128.0,1117.07143,4.16198,1117.0,1117.0,1117.0,1354.0,1499.0,1435.32143,32.22427,1434.5,1411.0,1462.5,1842.0,2021.0,1926.76786,40.98292,1930.0,1906.0,1955.5,2432.0,2649.0,2538.6875,54.26078,2535.5,2495.0,2583.5,2798.5,3052.0,2888.05357,56.92872,2892.75,2845.75,2913.5,2991.0,3237.5,3093.5,58.94034,3093.5,3050.5,3139.5,3253.0,3554.0,3345.0,75.23007,3325.0,3280.25,3412.5,3348.0,3681.0,3509.94643,80.88166,3491.5,3456.75,3577.0,3626.5,3956.5,3721.89286,68.82882,3715.5,3671.0,3765.0,3696.0,3818.5,3792.17857,42.87873,3818.5,3757.0,3818.5,4750.5,5107.0,4958.25,96.30543,4973.0,4918.0,5023.25,3799.0,4187.5,4044.32143,109.4051,4073.75,4027.25,4103.75,0.0676,0.12676,0.09715,0.01205,0.09621,0.08785,0.10386,1108.0,1128.0,1117.07143,4.16198,1117.0,1117.0,1117.0,1354.0,1499.0,1435.32143,32.22427,1434.5,1411.0,1462.5,1842.0,2021.0,1926.76786,40.98292,1930.0,1906.0,1955.5,2432.0,2649.0,2538.6875,54.26078,2535.5,2495.0,2583.5,2798.5,3052.0,2888.05357,56.92872,2892.75,2845.75,2913.5,2991.0,3237.5,3093.5,58.94034,3093.5,3050.5,3139.5,3253.0,3554.0,3345.0,75.23007,3325.0,3280.25,3412.5,3348.0,3681.0,3509.94643,80.88166,3491.5,3456.75,3577.0,3626.5,3956.5,3721.89286,68.82882,3715.5,3671.0,3765.0,3696.0,3818.5,3792.17857,42.87873,3818.5,3757.0,3818.5,4750.5,5107.0,4958.25,96.30543,4973.0,4918.0,5023.25,3799.0,4187.5,4044.32143,109.4051,4073.75,4027.25,4103.75,0.0676,0.12676,0.09715,0.01205,0.09621,0.08785,0.10386
-9.153832745,14.765872,Semiarid,0.0,5,939.0,975.0,948.92857,15.24092,939.0,939.0,965.0,1144.0,1316.0,1247.60714,42.77199,1247.0,1222.0,1282.0,1704.0,1980.0,1868.03571,63.07916,1873.0,1832.0,1921.0,2588.0,2956.0,2772.78571,88.80924,2778.0,2708.0,2834.0,3059.0,3277.0,3169.32143,64.51782,3159.0,3121.0,3241.0,3363.0,3516.0,3436.96429,41.38465,3433.0,3407.0,3469.0,3604.0,3746.0,3681.32143,32.7237,3677.0,3666.0,3699.0,3728.0,3928.0,3837.21429,45.20769,3834.0,3810.0,3868.0,3891.0,4030.0,3973.67857,37.91383,3982.0,3956.0,4003.0,4021.0,4117.0,4066.92857,29.52463,4050.0,4050.0,4076.0,4817.0,5041.0,4923.0,64.45689,4923.5,4861.0,4966.5,3885.0,4453.0,4065.78571,149.16479,4013.0,3977.0,4112.0,0.07885,0.11118,0.09539,0.00797,0.09713,0.08923,0.10013,939.0,975.0,948.92857,15.24092,939.0,939.0,965.0,1144.0,1316.0,1247.60714,42.77199,1247.0,1222.0,1282.0,1704.0,1980.0,1868.03571,63.07916,1873.0,1832.0,1921.0,2588.0,2956.0,2772.78571,88.80924,2778.0,2708.0,2834.0,3059.0,3277.0,3169.32143,64.51782,3159.0,3121.0,3241.0,3363.0,3516.0,3436.96429,41.38465,3433.0,3407.0,3469.0,3604.0,3746.0,3681.32143,32.7237,3677.0,3666.0,3699.0,3728.0,3928.0,3837.21429,45.20769,3834.0,3810.0,3868.0,3891.0,4030.0,3973.67857,37.91383,3982.0,3956.0,4003.0,4021.0,4117.0,4066.92857,29.52463,4050.0,4050.0,4076.0,4817.0,5041.0,4923.0,64.45689,4923.5,4861.0,4966.5,3885.0,4453.0,4065.78571,149.16479,4013.0,3977.0,4112.0,0.07885,0.11118,0.09539,0.00797,0.09713,0.08923,0.10013,939.0,975.0,948.92857,15.24092,939.0,939.0,965.0,1144.0,1316.0,1247.60714,42.77199,1247.0,1222.0,1282.0,1704.0,1980.0,1868.03571,63.07916,1873.0,1832.0,1921.0,2588.0,2956.0,2772.78571,88.80924,2778.0,2708.0,2834.0,3059.0,3277.0,3169.32143,64.51782,3159.0,3121.0,3241.0,3363.0,3516.0,3436.96429,41.38465,3433.0,3407.0,3469.0,3604.0,3746.0,3681.32143,32.7237,3677.0,3666.0,3699.0,3728.0,3928.0,3837.21429,45.20769,3834.0,3810.0,3868.0,3891.0,4030.0,3973.67857,37.91383,3982.0,3956.0,4003.0,4021.0,4117.0,4066.92857,29.52463,4050.0,4050.0,4076.0,4817.0,5041.0,4923.0,64.45689,4923.5,4861.0,4966.5,3885.0,4453.0,4065.78571,149.16479,4013.0,3977.0,4112.0,0.07885,0.11118,0.09539,0.00797,0.09713,0.08923,0.10013
18.44241278,-25.92349346,Arid,0.0,6,1098.0,1127.0,1115.71429,7.65082,1114.0,1114.0,1122.0,1154.0,1528.0,1384.21429,84.37809,1393.0,1333.0,1454.0,1892.0,2358.0,2205.10714,108.26225,2235.0,2129.0,2291.0,2500.0,2862.0,2715.85714,103.73172,2728.0,2629.0,2808.0,2734.0,3018.0,2909.07143,73.50568,2899.0,2857.0,2984.0,2796.0,3058.0,2948.55357,69.91369,2939.0,2895.0,3009.5,2803.0,3114.0,2988.10714,78.00296,2992.0,2921.0,3049.5,2644.0,3074.0,2906.32143,108.80894,2917.0,2846.0,3006.0,2630.0,2943.0,2814.53571,76.80742,2812.0,2751.0,2867.5,2769.0,2847.0,2803.64286,28.52777,2799.5,2779.0,2830.0,3067.0,3446.0,3344.60714,70.58758,3354.5,3312.5,3403.0,2596.0,2821.0,2754.46429,40.43804,2758.0,2741.0,2775.0,-0.03383,0.02365,-0.00066,0.0107,0.00051,-0.00653,0.00584,1098.0,1127.0,1115.71429,7.65082,1114.0,1114.0,1122.0,1154.0,1528.0,1384.21429,84.37809,1393.0,1333.0,1454.0,1892.0,2358.0,2205.10714,108.26225,2235.0,2129.0,2291.0,2500.0,2862.0,2715.85714,103.73172,2728.0,2629.0,2808.0,2734.0,3018.0,2909.07143,73.50568,2899.0,2857.0,2984.0,2796.0,3058.0,2948.55357,69.91369,2939.0,2895.0,3009.5,2803.0,3114.0,2988.10714,78.00296,2992.0,2921.0,3049.5,2644.0,3074.0,2906.32143,108.80894,2917.0,2846.0,3006.0,2630.0,2943.0,2814.53571,76.80742,2812.0,2751.0,2867.5,2769.0,2847.0,2803.64286,28.52777,2799.5,2779.0,2830.0,3067.0,3446.0,3344.60714,70.58758,3354.5,3312.5,3403.0,2596.0,2821.0,2754.46429,40.43804,2758.0,2741.0,2775.0,-0.03383,0.02365,-0.00066,0.0107,0.00051,-0.00653,0.00584,1098.0,1127.0,1115.71429,7.65082,1114.0,1114.0,1122.0,1154.0,1528.0,1384.21429,84.37809,1393.0,1333.0,1454.0,1892.0,2358.0,2205.10714,108.26225,2235.0,2129.0,2291.0,2500.0,2862.0,2715.85714,103.73172,2728.0,2629.0,2808.0,2734.0,3018.0,2909.07143,73.50568,2899.0,2857.0,2984.0,2796.0,3058.0,2948.55357,69.91369,2939.0,2895.0,3009.5,2803.0,3114.0,2988.10714,78.00296,2992.0,2921.0,3049.5,2644.0,3074.0,2906.32143,108.80894,2917.0,2846.0,3006.0,2630.0,2943.0,2814.53571,76.80742,2812.0,2751.0,2867.5,2769.0,2847.0,2803.64286,28.52777,2799.5,2779.0,2830.0,3067.0,3446.0,3344.60714,70.58758,3354.5,3312.5,3403.0,2596.0,2821.0,2754.46429,40.43804,2758.0,2741.0,2775.0,-0.03383,0.02365,-0.00066,0.0107,0.00051,-0.00653,0.00584
44.49355602,-19.88007738,Dry subhumid,0.15,7,256.0,271.0,264.60714,3.64157,264.0,263.5,264.0,229.0,352.0,285.48214,31.06649,288.5,261.5,307.0,361.0,531.0,446.83929,41.93579,455.0,409.5,474.5,295.0,621.0,450.76786,78.37155,456.0,388.5,513.0,626.0,793.0,709.89286,49.82667,712.5,668.0,738.0,1179.0,1494.0,1298.125,88.84047,1274.0,1233.0,1356.0,1363.0,1735.0,1509.14286,109.79525,1473.0,1440.0,1600.0,1178.0,1879.0,1508.125,160.48983,1504.0,1383.0,1592.0,1481.0,1854.0,1639.69643,110.89121,1610.0,1575.0,1723.0,1677.0,1960.0,1743.5,93.36653,1683.0,1681.0,1797.5,931.0,1187.0,1055.375,79.75663,1066.5,986.5,1104.0,537.5,723.0,640.26786,62.65744,653.0,586.0,700.0,0.19533,0.49288,0.35691,0.06383,0.36215,0.31387,0.40727,256.0,271.0,264.60714,3.64157,264.0,263.5,264.0,229.0,352.0,285.48214,31.06649,288.5,261.5,307.0,361.0,531.0,446.83929,41.93579,455.0,409.5,474.5,295.0,621.0,450.76786,78.37155,456.0,388.5,513.0,626.0,793.0,709.89286,49.82667,712.5,668.0,738.0,1179.0,1494.0,1298.125,88.84047,1274.0,1233.0,1356.0,1363.0,1735.0,1509.14286,109.79525,1473.0,1440.0,1600.0,1178.0,1879.0,1508.125,160.48983,1504.0,1383.0,1592.0,1481.0,1854.0,1639.69643,110.89121,1610.0,1575.0,1723.0,1677.0,1960.0,1743.5,93.36653,1683.0,1681.0,1797.5,931.0,1187.0,1055.375,79.75663,1066.5,986.5,1104.0,537.5,723.0,640.26786,62.65744,653.0,586.0,700.0,0.19533,0.49288,0.35691,0.06383,0.36215,0.31387,0.40727,256.0,271.0,264.60714,3.64157,264.0,263.5,264.0,229.0,352.0,285.48214,31.06649,288.5,261.5,307.0,361.0,531.0,446.83929,41.93579,455.0,409.5,474.5,295.0,621.0,450.76786,78.37155,456.0,388.5,513.0,626.0,793.0,709.89286,49.82667,712.5,668.0,738.0,1179.0,1494.0,1298.125,88.84047,1274.0,1233.0,1356.0,1363.0,1735.0,1509.14286,109.79525,1473.0,1440.0,1600.0,1178.0,1879.0,1508.125,160.48983,1504.0,1383.0,1592.0,1481.0,1854.0,1639.69643,110.89121,1610.0,1575.0,1723.0,1677.0,1960.0,1743.5,93.36653,1683.0,1681.0,1797.5,931.0,1187.0,1055.375,79.75663,1066.5,986.5,1104.0,537.5,723.0,640.26786,62.65744,653.0,586.0,700.0,0.19533,0.49288,0.35691,0.06383,0.36215,0.31387,0.40727
60.98662464,37.64879284,Arid,0.0,8,741.0,1093.0,918.73214,128.05638,932.5,794.0,1041.0,953.0,1296.0,1117.88393,83.61606,1096.0,1063.0,1173.0,1413.0,1866.0,1615.46429,101.37006,1606.0,1558.0,1668.5,1715.0,2226.0,2005.51786,134.39832,2006.0,1907.5,2104.5,2160.0,2812.0,2421.35714,143.07035,2406.0,2343.0,2512.0,2690.0,3396.5,3036.32143,204.36143,2964.0,2886.0,3226.0,2851.0,3656.5,3232.98214,236.66576,3161.0,3067.0,3449.0,2883.0,3739.0,3275.96429,241.54668,3260.5,3091.0,3476.0,2912.5,3744.5,3303.33929,246.55859,3276.0,3102.0,3511.0,3006.0,3741.0,3363.55357,250.07246,3265.0,3152.0,3651.0,2570.0,3105.0,2817.03571,147.34754,2813.0,2688.0,2861.0,2270.0,2866.0,2530.28571,164.8993,2510.0,2384.0,2590.0,0.10236,0.18764,0.14947,0.02217,0.14882,0.13811,0.16162,741.0,1093.0,918.73214,128.05638,932.5,794.0,1041.0,953.0,1296.0,1117.88393,83.61606,1096.0,1063.0,1173.0,1413.0,1866.0,1615.46429,101.37006,1606.0,1558.0,1668.5,1715.0,2226.0,2005.51786,134.39832,2006.0,1907.5,2104.5,2160.0,2812.0,2421.35714,143.07035,2406.0,2343.0,2512.0,2690.0,3396.5,3036.32143,204.36143,2964.0,2886.0,3226.0,2851.0,3656.5,3232.98214,236.66576,3161.0,3067.0,3449.0,2883.0,3739.0,3275.96429,241.54668,3260.5,3091.0,3476.0,2912.5,3744.5,3303.33929,246.55859,3276.0,3102.0,3511.0,3006.0,3741.0,3363.55357,250.07246,3265.0,3152.0,3651.0,2570.0,3105.0,2817.03571,147.34754,2813.0,2688.0,2861.0,2270.0,2866.0,2530.28571,164.8993,2510.0,2384.0,2590.0,0.10236,0.18764,0.14947,0.02217,0.14882,0.13811,0.16162,741.0,1093.0,918.73214,128.05638,932.5,794.0,1041.0,953.0,1296.0,1117.88393,83.61606,1096.0,1063.0,1173.0,1413.0,1866.0,1615.46429,101.37006,1606.0,1558.0,1668.5,1715.0,2226.0,2005.51786,134.39832,2006.0,1907.5,2104.5,2160.0,2812.0,2421.35714,143.07035,2406.0,2343.0,2512.0,2690.0,3396.5,3036.32143,204.36143,2964.0,2886.0,3226.0,2851.0,3656.5,3232.98214,236.66576,3161.0,3067.0,3449.0,2883.0,3739.0,3275.96429,241.54668,3260.5,3091.0,3476.0,2912.5,3744.5,3303.33929,246.55859,3276.0,3102.0,3511.0,3006.0,3741.0,3363.55357,250.07246,3265.0,3152.0,3651.0,2570.0,3105.0,2817.03571,147.34754,2813.0,2688.0,2861.0,2270.0,2866.0,2530.28571,164.8993,2510.0,2384.0,2590.0,0.10236,0.18764,0.14947,0.02217,0.14882,0.13811,0.16162
79.45598688,13.32636753,Dry subhumid,0.95,9,349.0,608.0,510.80357,70.42112,506.0,461.5,573.0,397.0,769.5,589.35714,101.70527,611.5,529.5,669.0,643.0,1027.0,868.85714,93.21118,880.0,832.0,928.5,451.0,923.0,737.35714,125.57952,770.5,673.0,827.5,940.0,1461.5,1277.01786,103.43184,1283.0,1237.0,1337.0,2211.0,2531.0,2366.55357,88.04233,2380.5,2313.0,2413.5,2609.0,2959.0,2783.05357,102.48613,2774.0,2692.0,2869.0,2575.0,2990.0,2764.39286,108.07534,2759.0,2682.0,2833.5,2775.0,3162.5,2999.5,107.21999,3028.0,2921.0,3070.0,2699.0,3132.0,3015.875,84.93196,3008.0,2991.0,3091.0,1409.0,2498.0,2093.85714,248.33324,2117.0,2015.0,2263.0,763.0,1736.5,1358.0,260.7719,1357.5,1270.0,1557.0,0.2949,0.48662,0.36853,0.03891,0.36027,0.34298,0.38852,349.0,608.0,510.80357,70.42112,506.0,461.5,573.0,397.0,769.5,589.35714,101.70527,611.5,529.5,669.0,643.0,1027.0,868.85714,93.21118,880.0,832.0,928.5,451.0,923.0,737.35714,125.57952,770.5,673.0,827.5,940.0,1461.5,1277.01786,103.43184,1283.0,1237.0,1337.0,2211.0,2531.0,2366.55357,88.04233,2380.5,2313.0,2413.5,2609.0,2959.0,2783.05357,102.48613,2774.0,2692.0,2869.0,2575.0,2990.0,2764.39286,108.07534,2759.0,2682.0,2833.5,2775.0,3162.5,2999.5,107.21999,3028.0,2921.0,3070.0,2699.0,3132.0,3015.875,84.93196,3008.0,2991.0,3091.0,1409.0,2498.0,2093.85714,248.33324,2117.0,2015.0,2263.0,763.0,1736.5,1358.0,260.7719,1357.5,1270.0,1557.0,0.2949,0.48662,0.36853,0.03891,0.36027,0.34298,0.38852,349.0,608.0,510.80357,70.42112,506.0,461.5,573.0,397.0,769.5,589.35714,101.70527,611.5,529.5,669.0,643.0,1027.0,868.85714,93.21118,880.0,832.0,928.5,451.0,923.0,737.35714,125.57952,770.5,673.0,827.5,940.0,1461.5,1277.01786,103.43184,1283.0,1237.0,1337.0,2211.0,2531.0,2366.55357,88.04233,2380.5,2313.0,2413.5,2609.0,2959.0,2783.05357,102.48613,2774.0,2692.0,2869.0,2575.0,2990.0,2764.39286,108.07534,2759.0,2682.0,2833.5,2775.0,3162.5,2999.5,107.21999,3028.0,2921.0,3070.0,2699.0,3132.0,3015.875,84.93196,3008.0,2991.0,3091.0,1409.0,2498.0,2093.85714,248.33324,2117.0,2015.0,2263.0,763.0,1736.5,1358.0,260.7719,1357.5,1270.0,1557.0,0.2949,0.48662,0.36853,0.03891,0.36027,0.34298,0.38852
-64.31039119,-18.60860193,Dry subhumid,0.04,10,291.5,310.5,297.41964,4.81926,294.5,293.0,301.0,152.0,809.5,533.21429,121.75209,555.75,455.0,607.0,252.5,1075.0,763.6875,156.82609,780.5,670.0,883.0,230.5,1302.0,951.77679,207.30511,1004.75,806.25,1109.0,539.0,1427.0,1195.33929,188.11042,1231.25,1094.0,1349.75,810.5,1770.0,1492.75893,176.41593,1513.0,1423.75,1607.0,930.5,1909.0,1627.58036,178.35031,1662.0,1554.5,1747.0,883.0,2014.0,1753.96429,174.41585,1808.25,1699.25,1850.0,1017.5,2069.0,1792.6875,189.64281,1843.0,1764.25,1900.0,1689.0,1792.0,1737.52679,44.05404,1708.5,1699.0,1791.0,1158.5,2665.0,2294.58036,328.29371,2372.5,2192.0,2522.5,754.0,1967.0,1665.91964,272.22051,1743.75,1552.0,1837.75,0.11225,0.42568,0.19318,0.05517,0.17732,0.15265,0.22286,291.5,310.5,297.41964,4.81926,294.5,293.0,301.0,152.0,809.5,533.21429,121.75209,555.75,455.0,607.0,252.5,1075.0,763.6875,156.82609,780.5,670.0,883.0,230.5,1302.0,951.77679,207.30511,1004.75,806.25,1109.0,539.0,1427.0,1195.33929,188.11042,1231.25,1094.0,1349.75,810.5,1770.0,1492.75893,176.41593,1513.0,1423.75,1607.0,930.5,1909.0,1627.58036,178.35031,1662.0,1554.5,1747.0,883.0,2014.0,1753.96429,174.41585,1808.25,1699.25,1850.0,1017.5,2069.0,1792.6875,189.64281,1843.0,1764.25,1900.0,1689.0,1792.0,1737.52679,44.05404,1708.5,1699.0,1791.0,1158.5,2665.0,2294.58036,328.29371,2372.5,2192.0,2522.5,754.0,1967.0,1665.91964,272.22051,1743.75,1552.0,1837.75,0.11225,0.42568,0.19318,0.05517,0.17732,0.15265,0.22286,291.5,310.5,297.41964,4.81926,294.5,293.0,301.0,152.0,809.5,533.21429,121.75209,555.75,455.0,607.0,252.5,1075.0,763.6875,156.82609,780.5,670.0,883.0,230.5,1302.0,951.77679,207.30511,1004.75,806.25,1109.0,539.0,1427.0,1195.33929,188.11042,1231.25,1094.0,1349.75,810.5,1770.0,1492.75893,176.41593,1513.0,1423.75,1607.0,930.5,1909.0,1627.58036,178.35031,1662.0,1554.5,1747.0,883.0,2014.0,1753.96429,174.41585,1808.25,1699.25,1850.0,1017.5,2069.0,1792.6875,189.64281,1843.0,1764.25,1900.0,1689.0,1792.0,1737.52679,44.05404,1708.5,1699.0,1791.0,1158.5,2665.0,2294.58036,328.29371,2372.5,2192.0,2522.5,754.0,1967.0,1665.91964,272.22051,1743.75,1552.0,1837.75,0.11225,0.42568,0.19318,0.05517,0.17732,0.15265,0.22286
30.8391637,-22.84263136,Semiarid,0.02,11,317.0,330.0,325.41964,2.54376,326.0,325.0,326.0,406.0,528.5,462.26786,29.40485,461.5,442.0,484.0,632.0,812.0,725.88393,42.41162,728.5,695.5,757.0,740.0,1186.0,952.8125,119.41085,952.0,862.5,1048.0,1193.0,1478.0,1360.9375,72.7898,1363.0,1301.0,1421.0,1882.0,2067.0,1983.74107,50.43439,1977.0,1948.5,2024.0,2136.5,2375.5,2249.35714,68.43741,2232.0,2196.0,2295.0,2108.0,2586.0,2356.26786,107.9494,2357.5,2271.5,2441.0,2367.5,2628.0,2482.77679,79.26532,2474.5,2413.0,2534.0,2396.0,2577.0,2482.19643,57.7281,2463.5,2463.0,2540.0,2411.0,2859.0,2657.42857,105.23957,2632.5,2596.5,2745.5,1538.0,2048.0,1856.44643,111.61727,1854.0,1783.0,1932.0,0.20323,0.33221,0.26759,0.03547,0.27014,0.23794,0.29557,317.0,330.0,325.41964,2.54376,326.0,325.0,326.0,406.0,528.5,462.26786,29.40485,461.5,442.0,484.0,632.0,812.0,725.88393,42.41162,728.5,695.5,757.0,740.0,1186.0,952.8125,119.41085,952.0,862.5,1048.0,1193.0,1478.0,1360.9375,72.7898,1363.0,1301.0,1421.0,1882.0,2067.0,1983.74107,50.43439,1977.0,1948.5,2024.0,2136.5,2375.5,2249.35714,68.43741,2232.0,2196.0,2295.0,2108.0,2586.0,2356.26786,107.9494,2357.5,2271.5,2441.0,2367.5,2628.0,2482.77679,79.26532,2474.5,2413.0,2534.0,2396.0,2577.0,2482.19643,57.7281,2463.5,2463.0,2540.0,2411.0,2859.0,2657.42857,105.23957,2632.5,2596.5,2745.5,1538.0,2048.0,1856.44643,111.61727,1854.0,1783.0,1932.0,0.20323,0.33221,0.26759,0.03547,0.27014,0.23794,0.29557,317.0,330.0,325.41964,2.54376,326.0,325.0,326.0,406.0,528.5,462.26786,29.40485,461.5,442.0,484.0,632.0,812.0,725.88393,42.41162,728.5,695.5,757.0,740.0,1186.0,952.8125,119.41085,952.0,862.5,1048.0,1193.0,1478.0,1360.9375,72.7898,1363.0,1301.0,1421.0,1882.0,2067.0,1983.74107,50.43439,1977.0,1948.5,2024.0,2136.5,2375.5,2249.35714,68.43741,2232.0,2196.0,2295.0,2108.0,2586.0,2356.26786,107.9494,2357.5,2271.5,2441.0,2367.5,2628.0,2482.77679,79.26532,2474.5,2413.0,2534.0,2396.0,2577.0,2482.19643,57.7281,2463.5,2463.0,2540.0,2411.0,2859.0,2657.42857,105.23957,2632.5,2596.5,2745.5,1538.0,2048.0,1856.44643,111.61727,1854.0,1783.0,1932.0,0.20323,0.33221,0.26759,0.03547,0.27014,0.23794,0.29557
70.22130576,40.89808905,Semiarid,0.45,12,422.0,507.0,467.12857,21.1947,466.5,457.5,475.0,448.0,781.0,583.77857,77.92335,574.75,527.0,627.5,705.0,1204.0,930.28571,116.91935,936.75,844.0,1007.0,565.0,1359.5,913.67143,178.06421,934.0,784.5,1023.0,1297.0,1917.0,1530.05714,174.60144,1517.5,1319.0,1651.0,2306.0,2741.5,2521.13571,145.05976,2563.0,2350.0,2640.5,2569.0,3107.0,2814.64286,155.32754,2847.75,2693.0,2908.0,2411.0,3466.0,2929.49286,253.37956,2955.0,2714.0,3125.0,2734.0,3368.5,3079.35,190.97601,3140.75,2887.0,3256.5,2928.5,3399.5,3126.54286,134.32428,3132.5,2989.0,3210.0,1937.0,2913.5,2301.80714,252.93919,2282.0,2018.0,2415.5,1186.0,1934.0,1423.25714,196.47358,1390.0,1242.0,1571.0,0.24353,0.41956,0.31455,0.03624,0.31033,0.28706,0.33619,422.0,507.0,467.12857,21.1947,466.5,457.5,475.0,448.0,781.0,583.77857,77.92335,574.75,527.0,627.5,705.0,1204.0,930.28571,116.91935,936.75,844.0,1007.0,565.0,1359.5,913.67143,178.06421,934.0,784.5,1023.0,1297.0,1917.0,1530.05714,174.60144,1517.5,1319.0,1651.0,2306.0,2741.5,2521.13571,145.05976,2563.0,2350.0,2640.5,2569.0,3107.0,2814.64286,155.32754,2847.75,2693.0,2908.0,2411.0,3466.0,2929.49286,253.37956,2955.0,2714.0,3125.0,2734.0,3368.5,3079.35,190.97601,3140.75,2887.0,3256.5,2928.5,3399.5,3126.54286,134.32428,3132.5,2989.0,3210.0,1937.0,2913.5,2301.80714,252.93919,2282.0,2018.0,2415.5,1186.0,1934.0,1423.25714,196.47358,1390.0,1242.0,1571.0,0.24353,0.41956,0.31455,0.03624,0.31033,0.28706,0.33619,422.0,507.0,467.12857,21.1947,466.5,457.5,475.0,448.0,781.0,583.77857,77.92335,574.75,527.0,627.5,705.0,1204.0,930.28571,116.91935,936.75,844.0,1007.0,565.0,1359.5,913.67143,178.06421,934.0,784.5,1023.0,1297.0,1917.0,1530.05714,174.60144,1517.5,1319.0,1651.0,2306.0,2741.5,2521.13571,145.05976,2563.0,2350.0,2640.5,2569.0,3107.0,2814.64286,155.32754,2847.75,2693.0,2908.0,2411.0,3466.0,2929.49286,253.37956,2955.0,2714.0,3125.0,2734.0,3368.5,3079.35,190.97601,3140.75,2887.0,3256.5,2928.5,3399.5,3126.54286,134.32428,3132.5,2989.0,3210.0,1937.0,2913.5,2301.80714,252.93919,2282.0,2018.0,2415.5,1186.0,1934.0,1423.25714,196.47358,1390.0,1242.0,1571.0,0.24353,0.41956,0.31455,0.03624,0.31033,0.28706,0.33619
42.03217214,51.693295,Dry subhumid,0.0,13,411.0,441.0,430.19643,11.34535,435.0,423.0,439.0,391.0,497.0,453.01786,25.24691,455.0,436.0,474.0,599.0,757.0,678.4881,43.01366,668.5,645.5,720.0,401.0,633.0,517.43452,52.84472,526.0,484.0,549.0,916.5,1107.0,1008.30357,60.24518,1011.0,967.0,1051.0,1844.0,2741.0,2423.96429,228.42802,2449.0,2274.0,2579.0,2102.5,3244.0,2863.42857,303.9721,2960.0,2662.0,3112.0,1844.0,3672.0,3030.27381,437.30909,3209.0,2856.0,3349.0,2291.0,3546.0,3129.14286,377.87619,3262.0,2930.0,3442.0,1818.0,3033.0,2743.85119,299.30916,2678.0,2671.0,3033.0,1881.0,2171.0,2025.8631,97.45207,2046.0,1924.0,2115.0,1053.0,1503.0,1258.43452,145.02534,1245.0,1113.0,1349.0,0.27745,0.5673,0.49429,0.06755,0.52192,0.46269,0.53633,411.0,441.0,430.19643,11.34535,435.0,423.0,439.0,391.0,497.0,453.01786,25.24691,455.0,436.0,474.0,599.0,757.0,678.4881,43.01366,668.5,645.5,720.0,401.0,633.0,517.43452,52.84472,526.0,484.0,549.0,916.5,1107.0,1008.30357,60.24518,1011.0,967.0,1051.0,1844.0,2741.0,2423.96429,228.42802,2449.0,2274.0,2579.0,2102.5,3244.0,2863.42857,303.9721,2960.0,2662.0,3112.0,1844.0,3672.0,3030.27381,437.30909,3209.0,2856.0,3349.0,2291.0,3546.0,3129.14286,377.87619,3262.0,2930.0,3442.0,1818.0,3033.0,2743.85119,299.30916,2678.0,2671.0,3033.0,1881.0,2171.0,2025.8631,97.45207,2046.0,1924.0,2115.0,1053.0,1503.0,1258.43452,145.02534,1245.0,1113.0,1349.0,0.27745,0.5673,0.49429,0.06755,0.52192,0.46269,0.53633,411.0,441.0,430.19643,11.34535,435.0,423.0,439.0,391.0,497.0,453.01786,25.24691,455.0,436.0,474.0,599.0,757.0,678.4881,43.01366,668.5,645.5,720.0,401.0,633.0,517.43452,52.84472,526.0,484.0,549.0,916.5,1107.0,1008.30357,60.24518,1011.0,967.0,1051.0,1844.0,2741.0,2423.96429,228.42802,2449.0,2274.0,2579.0,2102.5,3244.0,2863.42857,303.9721,2960.0,2662.0,3112.0,1844.0,3672.0,3030.27381,437.30909,3209.0,2856.0,3349.0,2291.0,3546.0,3129.14286,377.87619,3262.0,2930.0,3442.0,1818.0,3033.0,2743.85119,299.30916,2678.0,2671.0,3033.0,1881.0,2171.0,2025.8631,97.45207,2046.0,1924.0,2115.0,1053.0,1503.0,1258.43452,145.02534,1245.0,1113.0,1349.0,0.27745,0.5673,0.49429,0.06755,0.52192,0.46269,0.53633
44.94271366,9.884669,Semiarid,0.0,14,522.0,613.0,544.82143,26.86404,541.0,522.0,549.0,616.0,788.0,683.51786,44.26439,678.5,646.0,708.5,928.0,1170.0,1021.17857,63.17691,1012.0,971.0,1051.0,1285.0,1772.0,1475.45536,99.2257,1454.0,1418.0,1515.5,1624.0,1983.0,1722.28571,74.14561,1701.5,1673.0,1759.0,1804.0,2131.0,1938.64286,86.19469,1947.5,1846.0,2000.0,1952.0,2260.0,2103.03571,95.16435,2111.0,2004.5,2189.0,1964.0,2354.0,2171.49107,116.01957,2187.0,2066.0,2264.0,2167.0,2502.0,2326.39286,97.64466,2319.0,2240.0,2421.0,2258.0,2584.0,2326.46429,94.4081,2312.5,2258.0,2323.0,2912.0,3290.0,3040.82143,97.59538,3034.5,2972.0,3104.0,2524.0,3028.0,2727.89286,122.82,2723.5,2639.0,2834.5,0.06396,0.1665,0.11503,0.02349,0.11462,0.09684,0.13308,522.0,613.0,544.82143,26.86404,541.0,522.0,549.0,616.0,788.0,683.51786,44.26439,678.5,646.0,708.5,928.0,1170.0,1021.17857,63.17691,1012.0,971.0,1051.0,1285.0,1772.0,1475.45536,99.2257,1454.0,1418.0,1515.5,1624.0,1983.0,1722.28571,74.14561,1701.5,1673.0,1759.0,1804.0,2131.0,1938.64286,86.19469,1947.5,1846.0,2000.0,1952.0,2260.0,2103.03571,95.16435,2111.0,2004.5,2189.0,1964.0,2354.0,2171.49107,116.01957,2187.0,2066.0,2264.0,2167.0,2502.0,2326.39286,97.64466,2319.0,2240.0,2421.0,2258.0,2584.0,2326.46429,94.4081,2312.5,2258.0,2323.0,2912.0,3290.0,3040.82143,97.59538,3034.5,2972.0,3104.0,2524.0,3028.0,2727.89286,122.82,2723.5,2639.0,2834.5,0.06396,0.1665,0.11503,0.02349,0.11462,0.09684,0.13308,522.0,613.0,544.82143,26.86404,541.0,522.0,549.0,616.0,788.0,683.51786,44.26439,678.5,646.0,708.5,928.0,1170.0,1021.17857,63.17691,1012.0,971.0,1051.0,1285.0,1772.0,1475.45536,99.2257,1454.0,1418.0,1515.5,1624.0,1983.0,1722.28571,74.14561,1701.5,1673.0,1759.0,1804.0,2131.0,1938.64286,86.19469,1947.5,1846.0,2000.0,1952.0,2260.0,2103.03571,95.16435,2111.0,2004.5,2189.0,1964.0,2354.0,2171.49107,116.01957,2187.0,2066.0,2264.0,2167.0,2502.0,2326.39286,97.64466,2319.0,2240.0,2421.0,2258.0,2584.0,2326.46429,94.4081,2312.5,2258.0,2323.0,2912.0,3290.0,3040.82143,97.59538,3034.5,2972.0,3104.0,2524.0,3028.0,2727.89286,122.82,2723.5,2639.0,2834.5,0.06396,0.1665,0.11503,0.02349,0.11462,0.09684,0.13308
40.50503616,26.604108,Hyperarid,0.0,15,1069.0,1144.0,1114.04464,23.52992,1110.0,1110.0,1138.0,1328.0,1418.0,1371.21429,23.49291,1372.0,1351.0,1388.0,1794.0,1954.0,1861.6875,43.71078,1871.0,1811.0,1896.0,2504.0,2790.0,2615.14286,72.87235,2621.5,2540.75,2675.5,2761.0,3077.0,2853.875,78.27099,2840.0,2783.0,2917.5,2781.0,3167.0,2897.41964,91.05502,2885.0,2814.0,2955.75,2856.0,3249.0,2968.17857,97.53099,2957.0,2874.0,3040.25,2801.0,3176.0,2970.53571,107.57513,2984.0,2866.5,3064.0,2854.0,3225.0,2970.16071,92.83985,2955.0,2894.5,3038.5,2945.0,3330.0,3034.47321,119.43935,2986.0,2945.0,3099.0,3259.5,3718.0,3427.25,105.76247,3414.0,3345.0,3497.25,3074.0,3451.0,3181.04464,89.30984,3135.0,3117.0,3233.5,0.0,0.03794,0.01989,0.00942,0.01827,0.01228,0.02773,1069.0,1144.0,1114.04464,23.52992,1110.0,1110.0,1138.0,1328.0,1418.0,1371.21429,23.49291,1372.0,1351.0,1388.0,1794.0,1954.0,1861.6875,43.71078,1871.0,1811.0,1896.0,2504.0,2790.0,2615.14286,72.87235,2621.5,2540.75,2675.5,2761.0,3077.0,2853.875,78.27099,2840.0,2783.0,2917.5,2781.0,3167.0,2897.41964,91.05502,2885.0,2814.0,2955.75,2856.0,3249.0,2968.17857,97.53099,2957.0,2874.0,3040.25,2801.0,3176.0,2970.53571,107.57513,2984.0,2866.5,3064.0,2854.0,3225.0,2970.16071,92.83985,2955.0,2894.5,3038.5,2945.0,3330.0,3034.47321,119.43935,2986.0,2945.0,3099.0,3259.5,3718.0,3427.25,105.76247,3414.0,3345.0,3497.25,3074.0,3451.0,3181.04464,89.30984,3135.0,3117.0,3233.5,0.0,0.03794,0.01989,0.00942,0.01827,0.01228,0.02773,1069.0,1144.0,1114.04464,23.52992,1110.0,1110.0,1138.0,1328.0,1418.0,1371.21429,23.49291,1372.0,1351.0,1388.0,1794.0,1954.0,1861.6875,43.71078,1871.0,1811.0,1896.0,2504.0,2790.0,2615.14286,72.87235,2621.5,2540.75,2675.5,2761.0,3077.0,2853.875,78.27099,2840.0,2783.0,2917.5,2781.0,3167.0,2897.41964,91.05502,2885.0,2814.0,2955.75,2856.0,3249.0,2968.17857,97.53099,2957.0,2874.0,3040.25,2801.0,3176.0,2970.53571,107.57513,2984.0,2866.5,3064.0,2854.0,3225.0,2970.16071,92.83985,2955.0,2894.5,3038.5,2945.0,3330.0,3034.47321,119.43935,2986.0,2945.0,3099.0,3259.5,3718.0,3427.25,105.76247,3414.0,3345.0,3497.25,3074.0,3451.0,3181.04464,89.30984,3135.0,3117.0,3233.5,0.0,0.03794,0.01989,0.00942,0.01827,0.01228,0.02773
12.02844165,-15.61182214,Semiarid,0.0,16,1184.0,1340.0,1243.26786,64.43122,1204.0,1191.5,1339.0,1136.0,1965.0,1467.05357,179.54087,1433.5,1371.0,1561.0,1706.0,2972.0,2230.17857,268.15905,2215.0,2081.0,2388.5,2128.0,3713.0,2741.89286,330.17101,2719.5,2556.0,2930.0,2663.0,4567.5,3026.33036,357.70294,2946.0,2776.5,3171.0,2674.5,4525.5,3041.47321,352.72604,2942.0,2788.0,3180.0,2861.0,4698.0,3190.28571,351.9614,3076.0,2932.0,3274.0,2536.0,4108.0,3154.03571,321.89456,3127.0,2979.0,3344.0,2992.0,4676.5,3320.11607,333.97058,3244.5,3053.0,3434.0,3336.0,3931.0,3509.6875,255.18408,3344.5,3339.5,3922.5,4356.0,5959.0,4641.875,315.53339,4543.5,4391.0,4725.0,3781.0,5442.5,4112.02679,298.50623,4055.0,3915.5,4184.75,-0.05882,0.09748,0.02121,0.03229,0.0268,-0.0014,0.0388,1184.0,1340.0,1243.26786,64.43122,1204.0,1191.5,1339.0,1136.0,1965.0,1467.05357,179.54087,1433.5,1371.0,1561.0,1706.0,2972.0,2230.17857,268.15905,2215.0,2081.0,2388.5,2128.0,3713.0,2741.89286,330.17101,2719.5,2556.0,2930.0,2663.0,4567.5,3026.33036,357.70294,2946.0,2776.5,3171.0,2674.5,4525.5,3041.47321,352.72604,2942.0,2788.0,3180.0,2861.0,4698.0,3190.28571,351.9614,3076.0,2932.0,3274.0,2536.0,4108.0,3154.03571,321.89456,3127.0,2979.0,3344.0,2992.0,4676.5,3320.11607,333.97058,3244.5,3053.0,3434.0,3336.0,3931.0,3509.6875,255.18408,3344.5,3339.5,3922.5,4356.0,5959.0,4641.875,315.53339,4543.5,4391.0,4725.0,3781.0,5442.5,4112.02679,298.50623,4055.0,3915.5,4184.75,-0.05882,0.09748,0.02121,0.03229,0.0268,-0.0014,0.0388,1184.0,1340.0,1243.26786,64.43122,1204.0,1191.5,1339.0,1136.0,1965.0,1467.05357,179.54087,1433.5,1371.0,1561.0,1706.0,2972.0,2230.17857,268.15905,2215.0,2081.0,2388.5,2128.0,3713.0,2741.89286,330.17101,2719.5,2556.0,2930.0,2663.0,4567.5,3026.33036,357.70294,2946.0,2776.5,3171.0,2674.5,4525.5,3041.47321,352.72604,2942.0,2788.0,3180.0,2861.0,4698.0,3190.28571,351.9614,3076.0,2932.0,3274.0,2536.0,4108.0,3154.03571,321.89456,3127.0,2979.0,3344.0,2992.0,4676.5,3320.11607,333.97058,3244.5,3053.0,3434.0,3336.0,3931.0,3509.6875,255.18408,3344.5,3339.5,3922.5,4356.0,5959.0,4641.875,315.53339,4543.5,4391.0,4725.0,3781.0,5442.5,4112.02679,298.50623,4055.0,3915.5,4184.75,-0.05882,0.09748,0.02121,0.03229,0.0268,-0.0014,0.0388
126.4558425,47.05469285,Dry subhumid,0.0,17,623.5,667.0,653.05714,10.79504,656.0,649.0,660.0,718.0,830.5,772.71429,29.18191,777.0,744.0,798.0,848.0,993.0,929.97143,38.40317,933.0,888.0,958.0,1152.0,1278.0,1201.95714,30.08415,1197.5,1180.0,1218.0,1340.5,1463.5,1386.5,28.23388,1387.0,1361.0,1413.0,1769.5,1926.5,1837.16429,51.88838,1828.5,1789.0,1883.0,1885.0,2102.5,1976.96429,69.00931,1970.25,1914.0,2038.0,1986.0,2319.0,2145.74286,98.29646,2158.5,2050.0,2224.0,2068.0,2364.5,2191.56429,92.54446,2186.0,2107.0,2251.0,1971.0,2349.5,2205.95,148.44923,2281.5,2019.5,2342.0,2837.5,2949.0,2901.93571,27.50058,2904.5,2889.5,2918.0,2591.0,2719.5,2679.5,25.2753,2682.5,2656.0,2695.0,0.1843,0.24094,0.21449,0.01603,0.21652,0.20447,0.23018,623.5,667.0,653.05714,10.79504,656.0,649.0,660.0,718.0,830.5,772.71429,29.18191,777.0,744.0,798.0,848.0,993.0,929.97143,38.40317,933.0,888.0,958.0,1152.0,1278.0,1201.95714,30.08415,1197.5,1180.0,1218.0,1340.5,1463.5,1386.5,28.23388,1387.0,1361.0,1413.0,1769.5,1926.5,1837.16429,51.88838,1828.5,1789.0,1883.0,1885.0,2102.5,1976.96429,69.00931,1970.25,1914.0,2038.0,1986.0,2319.0,2145.74286,98.29646,2158.5,2050.0,2224.0,2068.0,2364.5,2191.56429,92.54446,2186.0,2107.0,2251.0,1971.0,2349.5,2205.95,148.44923,2281.5,2019.5,2342.0,2837.5,2949.0,2901.93571,27.50058,2904.5,2889.5,2918.0,2591.0,2719.5,2679.5,25.2753,2682.5,2656.0,2695.0,0.1843,0.24094,0.21449,0.01603,0.21652,0.20447,0.23018,623.5,667.0,653.05714,10.79504,656.0,649.0,660.0,718.0,830.5,772.71429,29.18191,777.0,744.0,798.0,848.0,993.0,929.97143,38.40317,933.0,888.0,958.0,1152.0,1278.0,1201.95714,30.08415,1197.5,1180.0,1218.0,1340.5,1463.5,1386.5,28.23388,1387.0,1361.0,1413.0,1769.5,1926.5,1837.16429,51.88838,1828.5,1789.0,1883.0,1885.0,2102.5,1976.96429,69.00931,1970.25,1914.0,2038.0,1986.0,2319.0,2145.74286,98.29646,2158.5,2050.0,2224.0,2068.0,2364.5,2191.56429,92.54446,2186.0,2107.0,2251.0,1971.0,2349.5,2205.95,148.44923,2281.5,2019.5,2342.0,2837.5,2949.0,2901.93571,27.50058,2904.5,2889.5,2918.0,2591.0,2719.5,2679.5,25.2753,2682.5,2656.0,2695.0,0.1843,0.24094,0.21449,0.01603,0.21652,0.20447,0.23018
-0.745601686,9.823417999999998,Semiarid,0.0,18,860.0,909.5,881.41071,21.95949,864.0,861.5,908.0,979.0,1076.0,1037.51786,25.97796,1042.0,1022.0,1060.5,1238.0,1380.0,1312.57143,36.66549,1315.0,1286.0,1345.0,1572.0,1816.0,1722.64286,59.55667,1726.0,1676.0,1778.5,1842.5,2034.0,1972.17857,45.33255,1976.0,1938.0,2017.0,2071.0,2213.0,2133.66071,41.93156,2113.5,2099.5,2178.25,2246.0,2399.0,2331.55357,41.37178,2341.0,2299.25,2359.5,2298.0,2532.0,2459.94643,44.50431,2466.5,2440.5,2491.5,2525.0,2693.0,2617.69643,46.81382,2623.0,2581.5,2650.0,2556.0,2678.0,2641.26786,26.17476,2632.0,2628.5,2670.0,3281.5,3695.0,3534.66071,119.39758,3544.5,3426.5,3645.0,3046.0,3388.0,3278.25,66.41776,3300.25,3243.0,3315.75,0.07484,0.15511,0.11008,0.01471,0.10628,0.10036,0.11859,860.0,909.5,881.41071,21.95949,864.0,861.5,908.0,979.0,1076.0,1037.51786,25.97796,1042.0,1022.0,1060.5,1238.0,1380.0,1312.57143,36.66549,1315.0,1286.0,1345.0,1572.0,1816.0,1722.64286,59.55667,1726.0,1676.0,1778.5,1842.5,2034.0,1972.17857,45.33255,1976.0,1938.0,2017.0,2071.0,2213.0,2133.66071,41.93156,2113.5,2099.5,2178.25,2246.0,2399.0,2331.55357,41.37178,2341.0,2299.25,2359.5,2298.0,2532.0,2459.94643,44.50431,2466.5,2440.5,2491.5,2525.0,2693.0,2617.69643,46.81382,2623.0,2581.5,2650.0,2556.0,2678.0,2641.26786,26.17476,2632.0,2628.5,2670.0,3281.5,3695.0,3534.66071,119.39758,3544.5,3426.5,3645.0,3046.0,3388.0,3278.25,66.41776,3300.25,3243.0,3315.75,0.07484,0.15511,0.11008,0.01471,0.10628,0.10036,0.11859,860.0,909.5,881.41071,21.95949,864.0,861.5,908.0,979.0,1076.0,1037.51786,25.97796,1042.0,1022.0,1060.5,1238.0,1380.0,1312.57143,36.66549,1315.0,1286.0,1345.0,1572.0,1816.0,1722.64286,59.55667,1726.0,1676.0,1778.5,1842.5,2034.0,1972.17857,45.33255,1976.0,1938.0,2017.0,2071.0,2213.0,2133.66071,41.93156,2113.5,2099.5,2178.25,2246.0,2399.0,2331.55357,41.37178,2341.0,2299.25,2359.5,2298.0,2532.0,2459.94643,44.50431,2466.5,2440.5,2491.5,2525.0,2693.0,2617.69643,46.81382,2623.0,2581.5,2650.0,2556.0,2678.0,2641.26786,26.17476,2632.0,2628.5,2670.0,3281.5,3695.0,3534.66071,119.39758,3544.5,3426.5,3645.0,3046.0,3388.0,3278.25,66.41776,3300.25,3243.0,3315.75,0.07484,0.15511,0.11008,0.01471,0.10628,0.10036,0.11859
-41.15182317,-17.80443009,Semiarid,0.0,19,302.5,355.5,316.39286,10.55234,314.75,311.5,318.0,327.0,513.0,425.05357,48.45848,431.75,395.25,460.25,595.0,923.5,771.74107,89.8783,775.5,696.5,839.0,303.0,730.0,513.72321,117.93287,487.5,429.0,618.0,1102.0,1559.5,1289.30357,133.24297,1254.5,1185.0,1362.0,2878.0,3472.0,3176.20536,165.79003,3146.5,3087.25,3327.0,3380.0,4065.0,3830.15179,167.8788,3856.5,3756.0,3954.0,3204.0,4249.0,3846.36607,216.92048,3855.0,3713.0,3996.0,3723.0,4388.0,4169.36607,174.84441,4197.0,4060.0,4338.25,3962.0,4241.0,4088.0625,69.22132,4072.0,4059.0,4139.0,1958.0,2426.0,2131.69643,145.28701,2094.0,2014.75,2282.75,940.5,1311.0,1071.0625,111.37623,1036.0,986.75,1170.25,0.42179,0.55718,0.49846,0.03396,0.49673,0.47924,0.52771,302.5,355.5,316.39286,10.55234,314.75,311.5,318.0,327.0,513.0,425.05357,48.45848,431.75,395.25,460.25,595.0,923.5,771.74107,89.8783,775.5,696.5,839.0,303.0,730.0,513.72321,117.93287,487.5,429.0,618.0,1102.0,1559.5,1289.30357,133.24297,1254.5,1185.0,1362.0,2878.0,3472.0,3176.20536,165.79003,3146.5,3087.25,3327.0,3380.0,4065.0,3830.15179,167.8788,3856.5,3756.0,3954.0,3204.0,4249.0,3846.36607,216.92048,3855.0,3713.0,3996.0,3723.0,4388.0,4169.36607,174.84441,4197.0,4060.0,4338.25,3962.0,4241.0,4088.0625,69.22132,4072.0,4059.0,4139.0,1958.0,2426.0,2131.69643,145.28701,2094.0,2014.75,2282.75,940.5,1311.0,1071.0625,111.37623,1036.0,986.75,1170.25,0.42179,0.55718,0.49846,0.03396,0.49673,0.47924,0.52771,302.5,355.5,316.39286,10.55234,314.75,311.5,318.0,327.0,513.0,425.05357,48.45848,431.75,395.25,460.25,595.0,923.5,771.74107,89.8783,775.5,696.5,839.0,303.0,730.0,513.72321,117.93287,487.5,429.0,618.0,1102.0,1559.5,1289.30357,133.24297,1254.5,1185.0,1362.0,2878.0,3472.0,3176.20536,165.79003,3146.5,3087.25,3327.0,3380.0,4065.0,3830.15179,167.8788,3856.5,3756.0,3954.0,3204.0,4249.0,3846.36607,216.92048,3855.0,3713.0,3996.0,3723.0,4388.0,4169.36607,174.84441,4197.0,4060.0,4338.25,3962.0,4241.0,4088.0625,69.22132,4072.0,4059.0,4139.0,1958.0,2426.0,2131.69643,145.28701,2094.0,2014.75,2282.75,940.5,1311.0,1071.0625,111.37623,1036.0,986.75,1170.25,0.42179,0.55718,0.49846,0.03396,0.49673,0.47924,0.52771
-99.36265358,28.847837,Semiarid,0.55,20,374.0,423.0,405.24107,13.87738,409.5,399.75,409.5,406.0,622.5,489.59821,48.12355,485.0,453.0,516.5,648.5,837.0,733.48214,49.68903,721.75,699.5,769.5,578.0,841.5,699.32143,63.28912,690.25,651.5,742.5,1056.0,1244.0,1123.51786,42.19909,1116.0,1100.5,1148.0,2074.0,2231.5,2140.91071,36.96265,2142.0,2123.0,2168.75,2365.0,2559.5,2453.80357,50.70186,2448.5,2420.0,2495.0,2318.0,2678.0,2485.30357,82.50618,2485.0,2433.0,2531.0,2670.5,2865.5,2736.08929,51.52635,2747.0,2687.75,2768.5,2716.5,2816.5,2743.1875,26.11279,2729.5,2729.5,2744.5,2375.5,2747.0,2520.95536,90.21335,2526.5,2448.5,2563.0,1389.5,1817.5,1575.02679,95.91148,1563.75,1534.0,1612.5,0.32155,0.42311,0.37718,0.02348,0.38045,0.36479,0.38924,374.0,423.0,405.24107,13.87738,409.5,399.75,409.5,406.0,622.5,489.59821,48.12355,485.0,453.0,516.5,648.5,837.0,733.48214,49.68903,721.75,699.5,769.5,578.0,841.5,699.32143,63.28912,690.25,651.5,742.5,1056.0,1244.0,1123.51786,42.19909,1116.0,1100.5,1148.0,2074.0,2231.5,2140.91071,36.96265,2142.0,2123.0,2168.75,2365.0,2559.5,2453.80357,50.70186,2448.5,2420.0,2495.0,2318.0,2678.0,2485.30357,82.50618,2485.0,2433.0,2531.0,2670.5,2865.5,2736.08929,51.52635,2747.0,2687.75,2768.5,2716.5,2816.5,2743.1875,26.11279,2729.5,2729.5,2744.5,2375.5,2747.0,2520.95536,90.21335,2526.5,2448.5,2563.0,1389.5,1817.5,1575.02679,95.91148,1563.75,1534.0,1612.5,0.32155,0.42311,0.37718,0.02348,0.38045,0.36479,0.38924,374.0,423.0,405.24107,13.87738,409.5,399.75,409.5,406.0,622.5,489.59821,48.12355,485.0,453.0,516.5,648.5,837.0,733.48214,49.68903,721.75,699.5,769.5,578.0,841.5,699.32143,63.28912,690.25,651.5,742.5,1056.0,1244.0,1123.51786,42.19909,1116.0,1100.5,1148.0,2074.0,2231.5,2140.91071,36.96265,2142.0,2123.0,2168.75,2365.0,2559.5,2453.80357,50.70186,2448.5,2420.0,2495.0,2318.0,2678.0,2485.30357,82.50618,2485.0,2433.0,2531.0,2670.5,2865.5,2736.08929,51.52635,2747.0,2687.75,2768.5,2716.5,2816.5,2743.1875,26.11279,2729.5,2729.5,2744.5,2375.5,2747.0,2520.95536,90.21335,2526.5,2448.5,2563.0,1389.5,1817.5,1575.02679,95.91148,1563.75,1534.0,1612.5,0.32155,0.42311,0.37718,0.02348,0.38045,0.36479,0.38924
127.4080567,-17.294544000000002,Semiarid,0.04,21,301.0,368.0,347.76786,19.76934,351.0,351.0,351.0,425.0,652.0,539.28571,43.76246,545.5,513.0,559.5,709.5,1094.0,911.05357,77.98273,917.25,874.5,955.0,1042.0,1610.0,1367.05357,131.32007,1377.0,1279.0,1458.0,1444.0,1976.0,1721.125,140.77614,1729.5,1639.0,1813.0,1797.0,2473.0,2136.96429,164.51189,2152.5,2068.0,2240.0,1922.0,2641.0,2287.85714,182.06312,2304.0,2214.0,2406.0,1930.0,3024.0,2361.23214,218.21924,2365.0,2259.0,2483.0,1981.5,2783.0,2405.67857,192.6567,2420.0,2307.0,2530.0,2317.0,2638.0,2463.41071,98.99202,2435.0,2435.0,2435.0,2056.5,2867.0,2591.41071,225.42122,2655.0,2465.75,2782.0,1434.0,2231.0,1982.05357,211.17973,2056.5,1879.0,2128.0,0.10349,0.25439,0.15627,0.03036,0.15187,0.13508,0.17146,301.0,368.0,347.76786,19.76934,351.0,351.0,351.0,425.0,652.0,539.28571,43.76246,545.5,513.0,559.5,709.5,1094.0,911.05357,77.98273,917.25,874.5,955.0,1042.0,1610.0,1367.05357,131.32007,1377.0,1279.0,1458.0,1444.0,1976.0,1721.125,140.77614,1729.5,1639.0,1813.0,1797.0,2473.0,2136.96429,164.51189,2152.5,2068.0,2240.0,1922.0,2641.0,2287.85714,182.06312,2304.0,2214.0,2406.0,1930.0,3024.0,2361.23214,218.21924,2365.0,2259.0,2483.0,1981.5,2783.0,2405.67857,192.6567,2420.0,2307.0,2530.0,2317.0,2638.0,2463.41071,98.99202,2435.0,2435.0,2435.0,2056.5,2867.0,2591.41071,225.42122,2655.0,2465.75,2782.0,1434.0,2231.0,1982.05357,211.17973,2056.5,1879.0,2128.0,0.10349,0.25439,0.15627,0.03036,0.15187,0.13508,0.17146,301.0,368.0,347.76786,19.76934,351.0,351.0,351.0,425.0,652.0,539.28571,43.76246,545.5,513.0,559.5,709.5,1094.0,911.05357,77.98273,917.25,874.5,955.0,1042.0,1610.0,1367.05357,131.32007,1377.0,1279.0,1458.0,1444.0,1976.0,1721.125,140.77614,1729.5,1639.0,1813.0,1797.0,2473.0,2136.96429,164.51189,2152.5,2068.0,2240.0,1922.0,2641.0,2287.85714,182.06312,2304.0,2214.0,2406.0,1930.0,3024.0,2361.23214,218.21924,2365.0,2259.0,2483.0,1981.5,2783.0,2405.67857,192.6567,2420.0,2307.0,2530.0,2317.0,2638.0,2463.41071,98.99202,2435.0,2435.0,2435.0,2056.5,2867.0,2591.41071,225.42122,2655.0,2465.75,2782.0,1434.0,2231.0,1982.05357,211.17973,2056.5,1879.0,2128.0,0.10349,0.25439,0.15627,0.03036,0.15187,0.13508,0.17146
-37.52262942,-9.118619607000001,Semiarid,0.0,22,696.0,795.0,759.5,26.45339,775.0,746.0,782.0,595.0,1224.0,923.23214,127.60678,906.5,859.0,976.0,903.0,1574.0,1267.94643,142.96121,1260.0,1191.0,1331.0,899.0,1916.0,1472.67857,213.56311,1464.0,1357.0,1574.0,1544.0,2342.0,1989.44643,171.0447,1994.0,1883.0,2100.0,2528.0,3178.0,2809.83929,158.32806,2789.0,2714.0,2908.0,2888.0,3513.0,3102.39286,164.89806,3073.0,3012.0,3209.0,2801.0,3497.0,3143.375,170.49389,3083.0,3028.0,3307.5,3166.0,3843.0,3440.03571,177.44827,3419.0,3282.0,3570.0,3349.0,4161.0,3684.58929,281.15067,3696.0,3379.5,3741.0,3479.0,4634.0,4205.80357,265.86295,4257.5,4069.0,4430.5,2168.0,3360.0,2884.91071,275.78999,2889.0,2706.0,3131.0,0.16965,0.31581,0.22554,0.03808,0.21615,0.19213,0.25223,696.0,795.0,759.5,26.45339,775.0,746.0,782.0,595.0,1224.0,923.23214,127.60678,906.5,859.0,976.0,903.0,1574.0,1267.94643,142.96121,1260.0,1191.0,1331.0,899.0,1916.0,1472.67857,213.56311,1464.0,1357.0,1574.0,1544.0,2342.0,1989.44643,171.0447,1994.0,1883.0,2100.0,2528.0,3178.0,2809.83929,158.32806,2789.0,2714.0,2908.0,2888.0,3513.0,3102.39286,164.89806,3073.0,3012.0,3209.0,2801.0,3497.0,3143.375,170.49389,3083.0,3028.0,3307.5,3166.0,3843.0,3440.03571,177.44827,3419.0,3282.0,3570.0,3349.0,4161.0,3684.58929,281.15067,3696.0,3379.5,3741.0,3479.0,4634.0,4205.80357,265.86295,4257.5,4069.0,4430.5,2168.0,3360.0,2884.91071,275.78999,2889.0,2706.0,3131.0,0.16965,0.31581,0.22554,0.03808,0.21615,0.19213,0.25223,696.0,795.0,759.5,26.45339,775.0,746.0,782.0,595.0,1224.0,923.23214,127.60678,906.5,859.0,976.0,903.0,1574.0,1267.94643,142.96121,1260.0,1191.0,1331.0,899.0,1916.0,1472.67857,213.56311,1464.0,1357.0,1574.0,1544.0,2342.0,1989.44643,171.0447,1994.0,1883.0,2100.0,2528.0,3178.0,2809.83929,158.32806,2789.0,2714.0,2908.0,2888.0,3513.0,3102.39286,164.89806,3073.0,3012.0,3209.0,2801.0,3497.0,3143.375,170.49389,3083.0,3028.0,3307.5,3166.0,3843.0,3440.03571,177.44827,3419.0,3282.0,3570.0,3349.0,4161.0,3684.58929,281.15067,3696.0,3379.5,3741.0,3479.0,4634.0,4205.80357,265.86295,4257.5,4069.0,4430.5,2168.0,3360.0,2884.91071,275.78999,2889.0,2706.0,3131.0,0.16965,0.31581,0.22554,0.03808,0.21615,0.19213,0.25223
-3.566311678,12.319382000000001,Semiarid,0.25,23,855.0,1124.0,969.41071,87.9379,979.0,901.0,1048.0,813.0,1397.0,1172.45536,155.14947,1221.0,1066.0,1295.0,1194.0,1874.0,1618.0,197.03982,1694.0,1470.0,1776.0,1614.0,2495.0,2175.625,239.9051,2234.0,2001.5,2369.0,2272.0,2833.5,2581.0,198.19708,2607.0,2428.5,2758.0,2604.0,3091.0,2851.0,169.99725,2818.0,2713.0,3028.0,2864.0,3295.0,3086.39286,157.27453,3094.0,2942.5,3233.0,2850.0,3550.0,3188.32143,210.37457,3204.0,2992.0,3392.0,3175.0,3651.5,3410.98214,151.98669,3441.0,3251.0,3557.0,3333.0,3720.0,3542.58929,155.36848,3630.0,3397.0,3705.0,3797.0,4538.0,4181.42857,248.39978,4151.5,3930.5,4448.0,2796.0,3635.0,3269.05357,250.79885,3324.0,3063.5,3500.0,0.07087,0.13624,0.10565,0.01678,0.10915,0.09327,0.1171,855.0,1124.0,969.41071,87.9379,979.0,901.0,1048.0,813.0,1397.0,1172.45536,155.14947,1221.0,1066.0,1295.0,1194.0,1874.0,1618.0,197.03982,1694.0,1470.0,1776.0,1614.0,2495.0,2175.625,239.9051,2234.0,2001.5,2369.0,2272.0,2833.5,2581.0,198.19708,2607.0,2428.5,2758.0,2604.0,3091.0,2851.0,169.99725,2818.0,2713.0,3028.0,2864.0,3295.0,3086.39286,157.27453,3094.0,2942.5,3233.0,2850.0,3550.0,3188.32143,210.37457,3204.0,2992.0,3392.0,3175.0,3651.5,3410.98214,151.98669,3441.0,3251.0,3557.0,3333.0,3720.0,3542.58929,155.36848,3630.0,3397.0,3705.0,3797.0,4538.0,4181.42857,248.39978,4151.5,3930.5,4448.0,2796.0,3635.0,3269.05357,250.79885,3324.0,3063.5,3500.0,0.07087,0.13624,0.10565,0.01678,0.10915,0.09327,0.1171,855.0,1124.0,969.41071,87.9379,979.0,901.0,1048.0,813.0,1397.0,1172.45536,155.14947,1221.0,1066.0,1295.0,1194.0,1874.0,1618.0,197.03982,1694.0,1470.0,1776.0,1614.0,2495.0,2175.625,239.9051,2234.0,2001.5,2369.0,2272.0,2833.5,2581.0,198.19708,2607.0,2428.5,2758.0,2604.0,3091.0,2851.0,169.99725,2818.0,2713.0,3028.0,2864.0,3295.0,3086.39286,157.27453,3094.0,2942.5,3233.0,2850.0,3550.0,3188.32143,210.37457,3204.0,2992.0,3392.0,3175.0,3651.5,3410.98214,151.98669,3441.0,3251.0,3557.0,3333.0,3720.0,3542.58929,155.36848,3630.0,3397.0,3705.0,3797.0,4538.0,4181.42857,248.39978,4151.5,3930.5,4448.0,2796.0,3635.0,3269.05357,250.79885,3324.0,3063.5,3500.0,0.07087,0.13624,0.10565,0.01678,0.10915,0.09327,0.1171
-35.69006624,-5.96202953,Semiarid,0.0,24,557.0,661.0,620.97959,22.39186,625.0,618.0,632.0,455.0,907.0,594.07143,109.47365,557.0,528.0,617.5,805.0,1504.0,1026.07143,172.06827,962.0,910.5,1072.0,638.0,1712.0,886.92857,283.90233,747.0,721.5,911.0,1343.0,2365.0,1661.67347,311.54789,1582.0,1417.5,1843.0,3035.0,3675.0,3315.70408,161.71686,3279.5,3210.0,3442.5,3274.0,4010.0,3637.15306,194.16816,3640.0,3553.5,3769.0,3213.0,4094.0,3645.2449,225.4021,3675.0,3456.0,3750.0,3586.0,4261.0,3904.91837,178.01757,3882.0,3846.5,4027.5,3641.5,4396.0,4101.12245,218.9449,4061.5,3937.0,4328.0,2338.0,3330.0,2690.32653,314.91599,2599.0,2440.0,2882.5,1422.5,2453.5,1694.30612,330.21629,1505.0,1450.0,1913.5,0.21022,0.47695,0.37798,0.06805,0.40187,0.34241,0.42546,557.0,661.0,620.97959,22.39186,625.0,618.0,632.0,455.0,907.0,594.07143,109.47365,557.0,528.0,617.5,805.0,1504.0,1026.07143,172.06827,962.0,910.5,1072.0,638.0,1712.0,886.92857,283.90233,747.0,721.5,911.0,1343.0,2365.0,1661.67347,311.54789,1582.0,1417.5,1843.0,3035.0,3675.0,3315.70408,161.71686,3279.5,3210.0,3442.5,3274.0,4010.0,3637.15306,194.16816,3640.0,3553.5,3769.0,3213.0,4094.0,3645.2449,225.4021,3675.0,3456.0,3750.0,3586.0,4261.0,3904.91837,178.01757,3882.0,3846.5,4027.5,3641.5,4396.0,4101.12245,218.9449,4061.5,3937.0,4328.0,2338.0,3330.0,2690.32653,314.91599,2599.0,2440.0,2882.5,1422.5,2453.5,1694.30612,330.21629,1505.0,1450.0,1913.5,0.21022,0.47695,0.37798,0.06805,0.40187,0.34241,0.42546,557.0,661.0,620.97959,22.39186,625.0,618.0,632.0,455.0,907.0,594.07143,109.47365,557.0,528.0,617.5,805.0,1504.0,1026.07143,172.06827,962.0,910.5,1072.0,638.0,1712.0,886.92857,283.90233,747.0,721.5,911.0,1343.0,2365.0,1661.67347,311.54789,1582.0,1417.5,1843.0,3035.0,3675.0,3315.70408,161.71686,3279.5,3210.0,3442.5,3274.0,4010.0,3637.15306,194.16816,3640.0,3553.5,3769.0,3213.0,4094.0,3645.2449,225.4021,3675.0,3456.0,3750.0,3586.0,4261.0,3904.91837,178.01757,3882.0,3846.5,4027.5,3641.5,4396.0,4101.12245,218.9449,4061.5,3937.0,4328.0,2338.0,3330.0,2690.32653,314.91599,2599.0,2440.0,2882.5,1422.5,2453.5,1694.30612,330.21629,1505.0,1450.0,1913.5,0.21022,0.47695,0.37798,0.06805,0.40187,0.34241,0.42546
132.9596452,-20.553997,Semiarid,0.0,25,429.0,450.0,439.63393,7.98094,438.0,434.0,450.0,560.0,680.0,649.64286,26.06281,655.25,644.5,667.0,973.0,1258.0,1178.01786,57.09752,1193.5,1145.5,1216.0,1750.0,2788.0,2374.94643,222.54261,2356.0,2255.5,2523.0,2467.0,3072.0,2750.44643,158.30927,2758.0,2625.75,2889.5,2614.5,3159.0,2877.83036,138.95353,2889.5,2768.0,2987.0,2728.5,3226.0,2973.41964,119.56279,2985.0,2856.75,3043.5,2632.0,3190.0,2978.91071,126.71647,2994.0,2894.0,3072.5,2852.0,3211.0,3042.74107,93.00269,3061.0,2963.0,3099.5,3000.0,3151.0,3065.61607,51.99502,3040.0,3039.0,3102.0,3866.0,4565.0,4195.82143,202.28372,4197.0,3988.5,4373.0,3230.5,4547.0,3883.47321,411.37531,3802.75,3461.25,4231.75,0.01126,0.07482,0.04023,0.01648,0.04112,0.02777,0.05284,429.0,450.0,439.63393,7.98094,438.0,434.0,450.0,560.0,680.0,649.64286,26.06281,655.25,644.5,667.0,973.0,1258.0,1178.01786,57.09752,1193.5,1145.5,1216.0,1750.0,2788.0,2374.94643,222.54261,2356.0,2255.5,2523.0,2467.0,3072.0,2750.44643,158.30927,2758.0,2625.75,2889.5,2614.5,3159.0,2877.83036,138.95353,2889.5,2768.0,2987.0,2728.5,3226.0,2973.41964,119.56279,2985.0,2856.75,3043.5,2632.0,3190.0,2978.91071,126.71647,2994.0,2894.0,3072.5,2852.0,3211.0,3042.74107,93.00269,3061.0,2963.0,3099.5,3000.0,3151.0,3065.61607,51.99502,3040.0,3039.0,3102.0,3866.0,4565.0,4195.82143,202.28372,4197.0,3988.5,4373.0,3230.5,4547.0,3883.47321,411.37531,3802.75,3461.25,4231.75,0.01126,0.07482,0.04023,0.01648,0.04112,0.02777,0.05284,429.0,450.0,439.63393,7.98094,438.0,434.0,450.0,560.0,680.0,649.64286,26.06281,655.25,644.5,667.0,973.0,1258.0,1178.01786,57.09752,1193.5,1145.5,1216.0,1750.0,2788.0,2374.94643,222.54261,2356.0,2255.5,2523.0,2467.0,3072.0,2750.44643,158.30927,2758.0,2625.75,2889.5,2614.5,3159.0,2877.83036,138.95353,2889.5,2768.0,2987.0,2728.5,3226.0,2973.41964,119.56279,2985.0,2856.75,3043.5,2632.0,3190.0,2978.91071,126.71647,2994.0,2894.0,3072.5,2852.0,3211.0,3042.74107,93.00269,3061.0,2963.0,3099.5,3000.0,3151.0,3065.61607,51.99502,3040.0,3039.0,3102.0,3866.0,4565.0,4195.82143,202.28372,4197.0,3988.5,4373.0,3230.5,4547.0,3883.47321,411.37531,3802.75,3461.25,4231.75,0.01126,0.07482,0.04023,0.01648,0.04112,0.02777,0.05284
18.74783998,12.84643,Semiarid,0.45,26,698.5,800.0,768.70536,24.16925,774.25,772.0,779.5,776.5,1334.0,1039.66071,163.68279,1059.0,908.0,1167.5,1145.0,1876.0,1485.46429,226.66186,1498.5,1269.0,1666.0,1515.0,2514.0,2001.46429,315.68551,2018.5,1695.0,2290.5,1746.5,2767.0,2264.39286,343.98707,2319.0,1921.5,2566.0,1876.5,2897.0,2408.86607,354.55772,2446.0,2057.0,2756.0,2044.0,3115.0,2600.15179,363.81023,2641.5,2223.5,2967.5,2138.0,3360.0,2734.03571,393.13444,2683.0,2393.5,3109.0,2277.5,3432.0,2872.30357,383.59555,2901.5,2484.5,3248.5,2519.0,3282.0,2889.25,171.35076,2867.0,2861.0,2884.0,3025.0,4148.0,3598.07143,385.75261,3615.5,3211.0,3967.5,2231.5,3132.0,2701.97321,316.82106,2722.5,2378.0,3021.75,0.05291,0.13093,0.09456,0.01947,0.09667,0.0816,0.10655,698.5,800.0,768.70536,24.16925,774.25,772.0,779.5,776.5,1334.0,1039.66071,163.68279,1059.0,908.0,1167.5,1145.0,1876.0,1485.46429,226.66186,1498.5,1269.0,1666.0,1515.0,2514.0,2001.46429,315.68551,2018.5,1695.0,2290.5,1746.5,2767.0,2264.39286,343.98707,2319.0,1921.5,2566.0,1876.5,2897.0,2408.86607,354.55772,2446.0,2057.0,2756.0,2044.0,3115.0,2600.15179,363.81023,2641.5,2223.5,2967.5,2138.0,3360.0,2734.03571,393.13444,2683.0,2393.5,3109.0,2277.5,3432.0,2872.30357,383.59555,2901.5,2484.5,3248.5,2519.0,3282.0,2889.25,171.35076,2867.0,2861.0,2884.0,3025.0,4148.0,3598.07143,385.75261,3615.5,3211.0,3967.5,2231.5,3132.0,2701.97321,316.82106,2722.5,2378.0,3021.75,0.05291,0.13093,0.09456,0.01947,0.09667,0.0816,0.10655,698.5,800.0,768.70536,24.16925,774.25,772.0,779.5,776.5,1334.0,1039.66071,163.68279,1059.0,908.0,1167.5,1145.0,1876.0,1485.46429,226.66186,1498.5,1269.0,1666.0,1515.0,2514.0,2001.46429,315.68551,2018.5,1695.0,2290.5,1746.5,2767.0,2264.39286,343.98707,2319.0,1921.5,2566.0,1876.5,2897.0,2408.86607,354.55772,2446.0,2057.0,2756.0,2044.0,3115.0,2600.15179,363.81023,2641.5,2223.5,2967.5,2138.0,3360.0,2734.03571,393.13444,2683.0,2393.5,3109.0,2277.5,3432.0,2872.30357,383.59555,2901.5,2484.5,3248.5,2519.0,3282.0,2889.25,171.35076,2867.0,2861.0,2884.0,3025.0,4148.0,3598.07143,385.75261,3615.5,3211.0,3967.5,2231.5,3132.0,2701.97321,316.82106,2722.5,2378.0,3021.75,0.05291,0.13093,0.09456,0.01947,0.09667,0.0816,0.10655
-39.21146215,-8.43410336,Semiarid,0.0,27,505.0,537.0,520.07143,11.58189,515.0,511.0,534.75,491.0,717.0,592.78571,53.01096,598.5,553.25,625.5,686.0,992.0,822.08036,76.91771,809.75,770.5,865.75,659.0,1189.0,907.52679,124.86241,902.25,822.25,983.0,1129.5,1507.5,1296.76786,94.36867,1283.25,1236.75,1362.0,1901.0,2197.5,2027.0,77.18149,2049.0,1954.0,2077.0,2134.0,2430.0,2275.0,68.60003,2261.75,2224.5,2326.75,2106.0,2566.0,2323.72321,106.33711,2323.5,2233.0,2399.5,2375.0,2676.0,2499.48214,82.43405,2504.0,2425.25,2561.5,2441.0,2608.0,2518.73214,44.33293,2528.5,2489.5,2549.0,2680.5,3324.0,2923.96429,173.43838,2861.0,2824.5,3081.0,1883.5,2320.5,2099.48214,114.06804,2077.5,2041.0,2171.25,0.23586,0.33392,0.28419,0.02248,0.28286,0.26951,0.30028,505.0,537.0,520.07143,11.58189,515.0,511.0,534.75,491.0,717.0,592.78571,53.01096,598.5,553.25,625.5,686.0,992.0,822.08036,76.91771,809.75,770.5,865.75,659.0,1189.0,907.52679,124.86241,902.25,822.25,983.0,1129.5,1507.5,1296.76786,94.36867,1283.25,1236.75,1362.0,1901.0,2197.5,2027.0,77.18149,2049.0,1954.0,2077.0,2134.0,2430.0,2275.0,68.60003,2261.75,2224.5,2326.75,2106.0,2566.0,2323.72321,106.33711,2323.5,2233.0,2399.5,2375.0,2676.0,2499.48214,82.43405,2504.0,2425.25,2561.5,2441.0,2608.0,2518.73214,44.33293,2528.5,2489.5,2549.0,2680.5,3324.0,2923.96429,173.43838,2861.0,2824.5,3081.0,1883.5,2320.5,2099.48214,114.06804,2077.5,2041.0,2171.25,0.23586,0.33392,0.28419,0.02248,0.28286,0.26951,0.30028,505.0,537.0,520.07143,11.58189,515.0,511.0,534.75,491.0,717.0,592.78571,53.01096,598.5,553.25,625.5,686.0,992.0,822.08036,76.91771,809.75,770.5,865.75,659.0,1189.0,907.52679,124.86241,902.25,822.25,983.0,1129.5,1507.5,1296.76786,94.36867,1283.25,1236.75,1362.0,1901.0,2197.5,2027.0,77.18149,2049.0,1954.0,2077.0,2134.0,2430.0,2275.0,68.60003,2261.75,2224.5,2326.75,2106.0,2566.0,2323.72321,106.33711,2323.5,2233.0,2399.5,2375.0,2676.0,2499.48214,82.43405,2504.0,2425.25,2561.5,2441.0,2608.0,2518.73214,44.33293,2528.5,2489.5,2549.0,2680.5,3324.0,2923.96429,173.43838,2861.0,2824.5,3081.0,1883.5,2320.5,2099.48214,114.06804,2077.5,2041.0,2171.25,0.23586,0.33392,0.28419,0.02248,0.28286,0.26951,0.30028
-6.943977146,12.133329,Semiarid,0.95,28,545.0,628.0,566.25,22.64589,569.0,547.0,569.0,646.0,827.0,705.32143,40.67258,701.0,673.0,733.0,930.0,1182.0,1017.89286,57.27777,1024.0,970.0,1039.5,1172.0,1648.0,1347.46429,96.01798,1329.0,1293.0,1389.5,1631.0,2060.0,1799.95536,106.79135,1778.0,1751.0,1859.0,2215.0,2484.0,2336.34821,70.40047,2305.0,2294.0,2360.0,2461.0,2773.0,2586.3125,72.03847,2571.0,2552.5,2613.0,2540.0,2955.0,2737.16071,88.34576,2723.0,2680.0,2796.0,2771.0,3087.0,2910.34821,78.41376,2892.5,2874.0,2945.0,2720.0,3147.0,2912.07143,83.43525,2928.0,2875.0,2928.0,2926.0,3434.5,3083.61607,116.33029,3065.0,3021.0,3110.0,1980.0,2404.5,2082.8125,92.1863,2076.5,2014.5,2096.5,0.15781,0.23718,0.20704,0.02131,0.21215,0.19465,0.2222,545.0,628.0,566.25,22.64589,569.0,547.0,569.0,646.0,827.0,705.32143,40.67258,701.0,673.0,733.0,930.0,1182.0,1017.89286,57.27777,1024.0,970.0,1039.5,1172.0,1648.0,1347.46429,96.01798,1329.0,1293.0,1389.5,1631.0,2060.0,1799.95536,106.79135,1778.0,1751.0,1859.0,2215.0,2484.0,2336.34821,70.40047,2305.0,2294.0,2360.0,2461.0,2773.0,2586.3125,72.03847,2571.0,2552.5,2613.0,2540.0,2955.0,2737.16071,88.34576,2723.0,2680.0,2796.0,2771.0,3087.0,2910.34821,78.41376,2892.5,2874.0,2945.0,2720.0,3147.0,2912.07143,83.43525,2928.0,2875.0,2928.0,2926.0,3434.5,3083.61607,116.33029,3065.0,3021.0,3110.0,1980.0,2404.5,2082.8125,92.1863,2076.5,2014.5,2096.5,0.15781,0.23718,0.20704,0.02131,0.21215,0.19465,0.2222,545.0,628.0,566.25,22.64589,569.0,547.0,569.0,646.0,827.0,705.32143,40.67258,701.0,673.0,733.0,930.0,1182.0,1017.89286,57.27777,1024.0,970.0,1039.5,1172.0,1648.0,1347.46429,96.01798,1329.0,1293.0,1389.5,1631.0,2060.0,1799.95536,106.79135,1778.0,1751.0,1859.0,2215.0,2484.0,2336.34821,70.40047,2305.0,2294.0,2360.0,2461.0,2773.0,2586.3125,72.03847,2571.0,2552.5,2613.0,2540.0,2955.0,2737.16071,88.34576,2723.0,2680.0,2796.0,2771.0,3087.0,2910.34821,78.41376,2892.5,2874.0,2945.0,2720.0,3147.0,2912.07143,83.43525,2928.0,2875.0,2928.0,2926.0,3434.5,3083.61607,116.33029,3065.0,3021.0,3110.0,1980.0,2404.5,2082.8125,92.1863,2076.5,2014.5,2096.5,0.15781,0.23718,0.20704,0.02131,0.21215,0.19465,0.2222
36.01345974,33.312723999999996,Semiarid,0.25,29,410.0,542.0,453.55357,48.9932,426.0,413.0,499.5,445.0,741.0,528.99107,62.8466,515.0,486.5,555.0,738.0,1194.5,889.36607,100.8906,871.5,823.0,923.5,1250.0,1927.5,1393.27679,143.28944,1347.0,1304.0,1421.5,1490.0,2144.0,1698.21429,160.7815,1669.0,1578.0,1793.0,1851.0,2569.0,2239.85714,197.87018,2303.0,2140.5,2355.5,2065.0,2721.5,2392.97321,178.67056,2448.0,2241.0,2497.5,1826.0,2658.0,2384.95536,222.66827,2445.0,2223.0,2584.0,2039.0,2792.5,2450.78571,194.99788,2520.0,2321.5,2580.5,2373.0,2851.0,2626.39286,173.43104,2737.0,2407.0,2759.5,1867.0,2500.0,2097.34821,155.68219,2066.0,1999.0,2176.5,1557.0,2163.0,1705.26786,141.27401,1656.0,1610.0,1769.5,0.09015,0.22692,0.1678,0.03658,0.17068,0.13625,0.20028,410.0,542.0,453.55357,48.9932,426.0,413.0,499.5,445.0,741.0,528.99107,62.8466,515.0,486.5,555.0,738.0,1194.5,889.36607,100.8906,871.5,823.0,923.5,1250.0,1927.5,1393.27679,143.28944,1347.0,1304.0,1421.5,1490.0,2144.0,1698.21429,160.7815,1669.0,1578.0,1793.0,1851.0,2569.0,2239.85714,197.87018,2303.0,2140.5,2355.5,2065.0,2721.5,2392.97321,178.67056,2448.0,2241.0,2497.5,1826.0,2658.0,2384.95536,222.66827,2445.0,2223.0,2584.0,2039.0,2792.5,2450.78571,194.99788,2520.0,2321.5,2580.5,2373.0,2851.0,2626.39286,173.43104,2737.0,2407.0,2759.5,1867.0,2500.0,2097.34821,155.68219,2066.0,1999.0,2176.5,1557.0,2163.0,1705.26786,141.27401,1656.0,1610.0,1769.5,0.09015,0.22692,0.1678,0.03658,0.17068,0.13625,0.20028,410.0,542.0,453.55357,48.9932,426.0,413.0,499.5,445.0,741.0,528.99107,62.8466,515.0,486.5,555.0,738.0,1194.5,889.36607,100.8906,871.5,823.0,923.5,1250.0,1927.5,1393.27679,143.28944,1347.0,1304.0,1421.5,1490.0,2144.0,1698.21429,160.7815,1669.0,1578.0,1793.0,1851.0,2569.0,2239.85714,197.87018,2303.0,2140.5,2355.5,2065.0,2721.5,2392.97321,178.67056,2448.0,2241.0,2497.5,1826.0,2658.0,2384.95536,222.66827,2445.0,2223.0,2584.0,2039.0,2792.5,2450.78571,194.99788,2520.0,2321.5,2580.5,2373.0,2851.0,2626.39286,173.43104,2737.0,2407.0,2759.5,1867.0,2500.0,2097.34821,155.68219,2066.0,1999.0,2176.5,1557.0,2163.0,1705.26786,141.27401,1656.0,1610.0,1769.5,0.09015,0.22692,0.1678,0.03658,0.17068,0.13625,0.20028
-63.68157049,9.269804427999999,Dry subhumid,0.95,30,840.0,933.5,898.625,32.9362,883.5,879.0,933.0,812.0,1281.0,1046.20536,110.54472,1043.5,966.5,1123.5,1100.0,1946.0,1487.875,189.68204,1471.0,1340.5,1612.5,1350.0,2247.0,1718.80357,218.79766,1696.0,1543.0,1866.0,1903.0,2741.5,2321.625,224.0318,2305.0,2144.5,2482.0,2519.5,3193.0,2826.17857,221.14706,2819.0,2637.0,2966.0,2733.5,3372.5,3050.51786,210.22475,3057.0,2858.0,3199.0,2680.0,3460.0,3039.66071,230.55847,3029.5,2850.5,3231.0,3019.0,3578.5,3305.28571,187.79803,3318.0,3127.0,3443.0,3072.5,3701.5,3513.39286,208.46423,3521.0,3400.0,3701.0,3171.0,3987.0,3586.42857,210.81697,3619.0,3426.0,3714.0,2483.0,2913.5,2673.55357,138.29372,2663.0,2534.0,2806.0,0.09334,0.18935,0.13473,0.01973,0.13713,0.11829,0.14845,840.0,933.5,898.625,32.9362,883.5,879.0,933.0,812.0,1281.0,1046.20536,110.54472,1043.5,966.5,1123.5,1100.0,1946.0,1487.875,189.68204,1471.0,1340.5,1612.5,1350.0,2247.0,1718.80357,218.79766,1696.0,1543.0,1866.0,1903.0,2741.5,2321.625,224.0318,2305.0,2144.5,2482.0,2519.5,3193.0,2826.17857,221.14706,2819.0,2637.0,2966.0,2733.5,3372.5,3050.51786,210.22475,3057.0,2858.0,3199.0,2680.0,3460.0,3039.66071,230.55847,3029.5,2850.5,3231.0,3019.0,3578.5,3305.28571,187.79803,3318.0,3127.0,3443.0,3072.5,3701.5,3513.39286,208.46423,3521.0,3400.0,3701.0,3171.0,3987.0,3586.42857,210.81697,3619.0,3426.0,3714.0,2483.0,2913.5,2673.55357,138.29372,2663.0,2534.0,2806.0,0.09334,0.18935,0.13473,0.01973,0.13713,0.11829,0.14845,840.0,933.5,898.625,32.9362,883.5,879.0,933.0,812.0,1281.0,1046.20536,110.54472,1043.5,966.5,1123.5,1100.0,1946.0,1487.875,189.68204,1471.0,1340.5,1612.5,1350.0,2247.0,1718.80357,218.79766,1696.0,1543.0,1866.0,1903.0,2741.5,2321.625,224.0318,2305.0,2144.5,2482.0,2519.5,3193.0,2826.17857,221.14706,2819.0,2637.0,2966.0,2733.5,3372.5,3050.51786,210.22475,3057.0,2858.0,3199.0,2680.0,3460.0,3039.66071,230.55847,3029.5,2850.5,3231.0,3019.0,3578.5,3305.28571,187.79803,3318.0,3127.0,3443.0,3072.5,3701.5,3513.39286,208.46423,3521.0,3400.0,3701.0,3171.0,3987.0,3586.42857,210.81697,3619.0,3426.0,3714.0,2483.0,2913.5,2673.55357,138.29372,2663.0,2534.0,2806.0,0.09334,0.18935,0.13473,0.01973,0.13713,0.11829,0.14845
80.53396522,51.256043,Semiarid,0.0,31,472.5,505.0,486.47024,11.42428,484.0,479.0,494.0,498.0,656.0,568.64286,31.43875,559.5,545.0,597.0,709.0,822.0,756.66071,27.10301,752.0,734.0,779.0,724.0,969.0,824.79167,58.85111,813.5,778.0,859.5,1124.0,1243.0,1175.74405,36.83106,1176.0,1143.0,1198.0,1450.0,1649.0,1529.20238,40.63384,1523.0,1507.0,1555.0,1612.0,1720.0,1668.58333,27.90634,1675.0,1650.5,1684.0,1726.0,1930.0,1812.43452,43.85256,1808.0,1779.5,1837.0,1800.0,1933.0,1860.8631,34.3072,1857.0,1840.0,1882.0,1877.0,2026.0,1931.41071,43.13778,1924.0,1912.0,1941.0,2450.0,2724.0,2546.54762,81.0127,2520.5,2481.0,2616.0,2148.5,2311.0,2241.55357,43.65942,2254.0,2210.0,2265.0,0.18057,0.24196,0.21311,0.01586,0.21474,0.2017,0.22537,472.5,505.0,486.47024,11.42428,484.0,479.0,494.0,498.0,656.0,568.64286,31.43875,559.5,545.0,597.0,709.0,822.0,756.66071,27.10301,752.0,734.0,779.0,724.0,969.0,824.79167,58.85111,813.5,778.0,859.5,1124.0,1243.0,1175.74405,36.83106,1176.0,1143.0,1198.0,1450.0,1649.0,1529.20238,40.63384,1523.0,1507.0,1555.0,1612.0,1720.0,1668.58333,27.90634,1675.0,1650.5,1684.0,1726.0,1930.0,1812.43452,43.85256,1808.0,1779.5,1837.0,1800.0,1933.0,1860.8631,34.3072,1857.0,1840.0,1882.0,1877.0,2026.0,1931.41071,43.13778,1924.0,1912.0,1941.0,2450.0,2724.0,2546.54762,81.0127,2520.5,2481.0,2616.0,2148.5,2311.0,2241.55357,43.65942,2254.0,2210.0,2265.0,0.18057,0.24196,0.21311,0.01586,0.21474,0.2017,0.22537,472.5,505.0,486.47024,11.42428,484.0,479.0,494.0,498.0,656.0,568.64286,31.43875,559.5,545.0,597.0,709.0,822.0,756.66071,27.10301,752.0,734.0,779.0,724.0,969.0,824.79167,58.85111,813.5,778.0,859.5,1124.0,1243.0,1175.74405,36.83106,1176.0,1143.0,1198.0,1450.0,1649.0,1529.20238,40.63384,1523.0,1507.0,1555.0,1612.0,1720.0,1668.58333,27.90634,1675.0,1650.5,1684.0,1726.0,1930.0,1812.43452,43.85256,1808.0,1779.5,1837.0,1800.0,1933.0,1860.8631,34.3072,1857.0,1840.0,1882.0,1877.0,2026.0,1931.41071,43.13778,1924.0,1912.0,1941.0,2450.0,2724.0,2546.54762,81.0127,2520.5,2481.0,2616.0,2148.5,2311.0,2241.55357,43.65942,2254.0,2210.0,2265.0,0.18057,0.24196,0.21311,0.01586,0.21474,0.2017,0.22537
